horizon,tail_time,seed,K,tail_mean_r,dwell,synchronized
500.0,150.0,0,0.15,0.15180987048710992,0.0,0
500.0,150.0,0,0.16,0.17292159169862267,0.0,0
500.0,150.0,0,0.17,0.20385569049017374,0.0,0
500.0,150.0,0,0.18,0.11617522104726538,0.0,0
500.0,150.0,0,0.19,0.25000926284218244,0.0,0
500.0,150.0,0,0.2,0.14579007970979102,0.0,0
500.0,150.0,0,0.21,0.10398790647591606,0.0,0
500.0,150.0,0,0.22,0.19866582981567396,0.0,0
500.0,150.0,0,0.23,0.10031252875333155,0.0,0
500.0,150.0,0,0.24,0.14639186646951202,0.0,0
500.0,150.0,0,0.25,0.9173890131210185,1.0,1
500.0,150.0,0,0.26,0.9248866987513412,1.0,1
500.0,150.0,0,0.27,0.931158453739474,1.0,1
500.0,150.0,0,0.28,0.9362782092304996,1.0,1
500.0,150.0,0,0.29,0.9410033879436634,1.0,1
500.0,150.0,0,0.3,0.9449767217832744,1.0,1
500.0,150.0,0,0.31,0.9481777368530845,1.0,1
500.0,150.0,0,0.32,0.951533771286405,1.0,1
500.0,150.0,0,0.33,0.9542382841872443,1.0,1
500.0,150.0,0,0.34,0.9564719921876952,1.0,1
500.0,150.0,0,0.35,0.9587882045625516,1.0,1
500.0,150.0,1,0.15,0.12293574414801882,0.0,0
500.0,150.0,1,0.16,0.1965440783391159,0.0,0
500.0,150.0,1,0.17,0.16949189385507163,0.0,0
500.0,150.0,1,0.18,0.12611584867195866,0.0,0
500.0,150.0,1,0.19,0.171426217492341,0.0,0
500.0,150.0,1,0.2,0.16449546657990613,0.0,0
500.0,150.0,1,0.21,0.12247975359021897,0.0,0
500.0,150.0,1,0.22,0.08635722739746694,0.0,0
500.0,150.0,1,0.23,0.12207867268867634,0.0,0
500.0,150.0,1,0.24,0.8586734759352562,0.946,1
500.0,150.0,1,0.25,0.9173665548825659,1.0,1
500.0,150.0,1,0.26,0.924883050175139,1.0,1
500.0,150.0,1,0.27,0.9311006161770174,1.0,1
500.0,150.0,1,0.28,0.9362621431929471,1.0,1
500.0,150.0,1,0.29,0.9408803413553363,1.0,1
500.0,150.0,1,0.3,0.9448329110218523,1.0,1
500.0,150.0,1,0.31,0.9481717631373655,1.0,1
500.0,150.0,1,0.32,0.951423334806212,1.0,1
500.0,150.0,1,0.33,0.9541673338451977,1.0,1
500.0,150.0,1,0.34,0.956471045648234,1.0,1
500.0,150.0,1,0.35,0.9587612444495812,1.0,1
500.0,150.0,2,0.15,0.1529200525900561,0.0,0
500.0,150.0,2,0.16,0.1438374520145227,0.0,0
500.0,150.0,2,0.17,0.20828259685390413,0.0,0
500.0,150.0,2,0.18,0.20699700994436004,0.0,0
500.0,150.0,2,0.19,0.15069510447703854,0.0,0
500.0,150.0,2,0.2,0.13467289929117426,0.0,0
500.0,150.0,2,0.21,0.11441915112590355,0.0,0
500.0,150.0,2,0.22,0.154733672607164,0.0,0
500.0,150.0,2,0.23,0.2007846986808047,0.0,0
500.0,150.0,2,0.24,0.17188709399693525,0.0,0
500.0,150.0,2,0.25,0.9173737084634846,1.0,1
500.0,150.0,2,0.26,0.9248808026662961,1.0,1
500.0,150.0,2,0.27,0.9310951114969012,1.0,1
500.0,150.0,2,0.28,0.9362645550895621,1.0,1
500.0,150.0,2,0.29,0.9408704904718824,1.0,1
500.0,150.0,2,0.3,0.9448202509657073,1.0,1
500.0,150.0,2,0.31,0.9481795280972507,1.0,1
500.0,150.0,2,0.32,0.9514081996954299,1.0,1
500.0,150.0,2,0.33,0.9541544377603004,1.0,1
500.0,150.0,2,0.34,0.9564770038731493,1.0,1
500.0,150.0,2,0.35,0.9587563411466594,1.0,1
500.0,150.0,3,0.15,0.11776373866957143,0.0,0
500.0,150.0,3,0.16,0.1700919858936372,0.0,0
500.0,150.0,3,0.17,0.19066750683216904,0.0,0
500.0,150.0,3,0.18,0.2166554222009635,0.0,0
500.0,150.0,3,0.19,0.15186015335588698,0.0,0
500.0,150.0,3,0.2,0.14094865104942728,0.0,0
500.0,150.0,3,0.21,0.1687803015626585,0.0,0
500.0,150.0,3,0.22,0.12563784711505244,0.0,0
500.0,150.0,3,0.23,0.18233931043622245,0.0,0
500.0,150.0,3,0.24,0.9081368526138989,1.0,1
500.0,150.0,3,0.25,0.9173637599011396,1.0,1
500.0,150.0,3,0.26,0.9248342048456434,1.0,1
500.0,150.0,3,0.27,0.9311045030583015,1.0,1
500.0,150.0,3,0.28,0.9363792749776443,1.0,1
500.0,150.0,3,0.29,0.9410258994365149,1.0,1
500.0,150.0,3,0.3,0.9449797190375311,1.0,1
500.0,150.0,3,0.31,0.9483750013619802,1.0,1
500.0,150.0,3,0.32,0.9514639157659943,1.0,1
500.0,150.0,3,0.33,0.9541659600606832,1.0,1
500.0,150.0,3,0.34,0.9566230225240697,1.0,1
500.0,150.0,3,0.35,0.9587736590020834,1.0,1
500.0,150.0,4,0.15,0.16600327468059295,0.0,0
500.0,150.0,4,0.16,0.16808485425079642,0.0,0
500.0,150.0,4,0.17,0.18089263038934905,0.0,0
500.0,150.0,4,0.18,0.12110045393757904,0.0,0
500.0,150.0,4,0.19,0.18350142485213228,0.0,0
500.0,150.0,4,0.2,0.23133095125713155,0.0,0
500.0,150.0,4,0.21,0.13316195898657282,0.0,0
500.0,150.0,4,0.22,0.1923704731612274,0.005666666666666667,0
500.0,150.0,4,0.23,0.13537699080888876,0.0,0
500.0,150.0,4,0.24,0.1256346390413812,0.0,0
500.0,150.0,4,0.25,0.13977848290097328,0.0,0
500.0,150.0,4,0.26,0.924887517402809,1.0,1
500.0,150.0,4,0.27,0.931157449102012,1.0,1
500.0,150.0,4,0.28,0.9362765489172539,1.0,1
500.0,150.0,4,0.29,0.9409995427342689,1.0,1
500.0,150.0,4,0.3,0.944973798273226,1.0,1
500.0,150.0,4,0.31,0.9481751176981599,1.0,1
500.0,150.0,4,0.32,0.9515327105215877,1.0,1
500.0,150.0,4,0.33,0.9542380589966221,1.0,1
500.0,150.0,4,0.34,0.956469135441379,1.0,1
500.0,150.0,4,0.35,0.9587878779479929,1.0,1
500.0,150.0,5,0.15,0.16596181676104405,0.0,0
500.0,150.0,5,0.16,0.15649068458276771,0.0,0
500.0,150.0,5,0.17,0.1707712620732062,0.0,0
500.0,150.0,5,0.18,0.2095216157975758,0.0,0
500.0,150.0,5,0.19,0.16815296382242,0.0,0
500.0,150.0,5,0.2,0.11967677724370829,0.0,0
500.0,150.0,5,0.21,0.17087971498996107,0.0,0
500.0,150.0,5,0.22,0.14939167252548796,0.0,0
500.0,150.0,5,0.23,0.8961273388687538,1.0,1
500.0,150.0,5,0.24,0.9080834112988283,1.0,1
500.0,150.0,5,0.25,0.917371777261574,1.0,1
500.0,150.0,5,0.26,0.924839528002439,1.0,1
500.0,150.0,5,0.27,0.9310231707084153,1.0,1
500.0,150.0,5,0.28,0.9364156752476808,1.0,1
500.0,150.0,5,0.29,0.9407712447691683,1.0,1
500.0,150.0,5,0.3,0.9446982944506168,1.0,1
500.0,150.0,5,0.31,0.9483943750765333,1.0,1
500.0,150.0,5,0.32,0.9512237280151156,1.0,1
500.0,150.0,5,0.33,0.9539730909024271,1.0,1
500.0,150.0,5,0.34,0.9565764237601107,1.0,1
500.0,150.0,5,0.35,0.9587111878697242,1.0,1
500.0,150.0,6,0.15,0.15480758061436004,0.0,0
500.0,150.0,6,0.16,0.20370879802198572,0.0,0
500.0,150.0,6,0.17,0.18184310227546052,0.0,0
500.0,150.0,6,0.18,0.20733114070072142,0.0,0
500.0,150.0,6,0.19,0.16469323496119345,0.0,0
500.0,150.0,6,0.2,0.20847219990664506,0.0,0
500.0,150.0,6,0.21,0.1459862054376103,0.0,0
500.0,150.0,6,0.22,0.13808016541952764,0.0,0
500.0,150.0,6,0.23,0.1281948508624262,0.0,0
500.0,150.0,6,0.24,0.22154199415656195,0.0,0
500.0,150.0,6,0.25,0.9173955584780231,1.0,1
500.0,150.0,6,0.26,0.9248507485771943,1.0,1
500.0,150.0,6,0.27,0.931039209433296,1.0,1
500.0,150.0,6,0.28,0.9363542179893736,1.0,1
500.0,150.0,6,0.29,0.940784695696589,1.0,1
500.0,150.0,6,0.3,0.9447137651541762,1.0,1
500.0,150.0,6,0.31,0.948326488602933,1.0,1
500.0,150.0,6,0.32,0.951254799329425,1.0,1
500.0,150.0,6,0.33,0.9540053710509935,1.0,1
500.0,150.0,6,0.34,0.9565487611120425,1.0,1
500.0,150.0,6,0.35,0.9587113037626014,1.0,1
500.0,150.0,7,0.15,0.15771983121386465,0.0,0
500.0,150.0,7,0.16,0.14869520754346033,0.0,0
500.0,150.0,7,0.17,0.14361132815953864,0.0,0
500.0,150.0,7,0.18,0.23373854898523366,0.0,0
500.0,150.0,7,0.19,0.13992039927582756,0.0,0
500.0,150.0,7,0.2,0.1430532655039842,0.0,0
500.0,150.0,7,0.21,0.21273056963716666,0.0,0
500.0,150.0,7,0.22,0.14481382622608463,0.0,0
500.0,150.0,7,0.23,0.2222329847493445,0.0,0
500.0,150.0,7,0.24,0.9081492352064001,1.0,1
500.0,150.0,7,0.25,0.9173642190291078,1.0,1
500.0,150.0,7,0.26,0.9248913896742762,1.0,1
500.0,150.0,7,0.27,0.9311333120727839,1.0,1
500.0,150.0,7,0.28,0.9362611117795274,1.0,1
500.0,150.0,7,0.29,0.9409420874292335,1.0,1
500.0,150.0,7,0.3,0.9449089455112617,1.0,1
500.0,150.0,7,0.31,0.9481529142004707,1.0,1
500.0,150.0,7,0.32,0.9514965859290999,1.0,1
500.0,150.0,7,0.33,0.954220868747179,1.0,1
500.0,150.0,7,0.34,0.9564526873410741,1.0,1
500.0,150.0,7,0.35,0.958781172727285,1.0,1
500.0,150.0,8,0.15,0.18490302510032955,0.0,0
500.0,150.0,8,0.16,0.13821591566337552,0.0,0
500.0,150.0,8,0.17,0.15827556401429133,0.0,0
500.0,150.0,8,0.18,0.19447609457131337,0.0,0
500.0,150.0,8,0.19,0.18344155315699,0.0,0
500.0,150.0,8,0.2,0.16489811504484422,0.0,0
500.0,150.0,8,0.21,0.14137808283831696,0.0,0
500.0,150.0,8,0.22,0.1511908154254493,0.0,0
500.0,150.0,8,0.23,0.14427557188010837,0.0,0
500.0,150.0,8,0.24,0.908155750009673,1.0,1
500.0,150.0,8,0.25,0.917371458692367,1.0,1
500.0,150.0,8,0.26,0.9248231351356426,1.0,1
500.0,150.0,8,0.27,0.9310157515645293,1.0,1
500.0,150.0,8,0.28,0.9364828494668136,1.0,1
500.0,150.0,8,0.29,0.940827598928825,1.0,1
500.0,150.0,8,0.3,0.9447678002997602,1.0,1
500.0,150.0,8,0.31,0.9484837527276461,1.0,1
500.0,150.0,8,0.32,0.9512778134502362,1.0,1
500.0,150.0,8,0.33,0.954018343517763,1.0,1
500.0,150.0,8,0.34,0.9566256901086405,1.0,1
500.0,150.0,8,0.35,0.958737856662726,1.0,1
500.0,150.0,9,0.15,0.1469590298222264,0.0,0
500.0,150.0,9,0.16,0.1730703144796855,0.0,0
500.0,150.0,9,0.17,0.14637702719359516,0.0,0
500.0,150.0,9,0.18,0.20189019463031835,0.0,0
500.0,150.0,9,0.19,0.10491369079542824,0.0,0
500.0,150.0,9,0.2,0.1512137368185568,0.0,0
500.0,150.0,9,0.21,0.18002320103668104,0.0,0
500.0,150.0,9,0.22,0.15243457652314493,0.0,0
500.0,150.0,9,0.23,0.15453745786778028,0.0,0
500.0,150.0,9,0.24,0.9081472325279277,1.0,1
500.0,150.0,9,0.25,0.9173618077791666,1.0,1
500.0,150.0,9,0.26,0.9248865536171985,1.0,1
500.0,150.0,9,0.27,0.9311587211719505,1.0,1
500.0,150.0,9,0.28,0.936278477779502,1.0,1
500.0,150.0,9,0.29,0.9410040139643258,1.0,1
500.0,150.0,9,0.3,0.9449780329508,1.0,1
500.0,150.0,9,0.31,0.9481787541861114,1.0,1
500.0,150.0,9,0.32,0.951534436122574,1.0,1
500.0,150.0,9,0.33,0.95423842757625,1.0,1
500.0,150.0,9,0.34,0.9564734462182595,1.0,1
500.0,150.0,9,0.35,0.9587884319014468,1.0,1
500.0,150.0,10,0.15,0.1673122200979185,0.0,0
500.0,150.0,10,0.16,0.18445705610486668,0.0,0
500.0,150.0,10,0.17,0.14831334193390744,0.0,0
500.0,150.0,10,0.18,0.15506752300324145,0.0,0
500.0,150.0,10,0.19,0.08739985493591257,0.0,0
500.0,150.0,10,0.2,0.20071136931537034,0.0,0
500.0,150.0,10,0.21,0.17111104820182382,0.0,0
500.0,150.0,10,0.22,0.1887637083297316,0.0,0
500.0,150.0,10,0.23,0.8961145755388626,1.0,1
500.0,150.0,10,0.24,0.908133580999692,1.0,1
500.0,150.0,10,0.25,0.9173701044200065,1.0,1
500.0,150.0,10,0.26,0.9248572915717725,1.0,1
500.0,150.0,10,0.27,0.9310497706082168,1.0,1
500.0,150.0,10,0.28,0.9363249706064368,1.0,1
500.0,150.0,10,0.29,0.9407986787096637,1.0,1
500.0,150.0,10,0.3,0.9447308136710988,1.0,1
500.0,150.0,10,0.31,0.9482884934539678,1.0,1
500.0,150.0,10,0.32,0.951283490657366,1.0,1
500.0,150.0,10,0.33,0.9540357999893057,1.0,1
500.0,150.0,10,0.34,0.9565317009164694,1.0,1
500.0,150.0,10,0.35,0.9587177321655912,1.0,1
500.0,150.0,11,0.15,0.15617955150069537,0.0,0
500.0,150.0,11,0.16,0.17976879623578051,0.0,0
500.0,150.0,11,0.17,0.12452259827621494,0.0,0
500.0,150.0,11,0.18,0.20206491235676308,0.0,0
500.0,150.0,11,0.19,0.15915130093444907,0.0,0
500.0,150.0,11,0.2,0.11081020262948593,0.0,0
500.0,150.0,11,0.21,0.14490856143700853,0.0,0
500.0,150.0,11,0.22,0.10826446485297153,0.0,0
500.0,150.0,11,0.23,0.20118703487860823,0.0,0
500.0,150.0,11,0.24,0.9081289496217354,1.0,1
500.0,150.0,11,0.25,0.9173611762326057,1.0,1
500.0,150.0,11,0.26,0.9248496681892017,1.0,1
500.0,150.0,11,0.27,0.9311413936797753,1.0,1
500.0,150.0,11,0.28,0.9363405281025065,1.0,1
500.0,150.0,11,0.29,0.9410524203206866,1.0,1
500.0,150.0,11,0.3,0.9450136611918036,1.0,1
500.0,150.0,11,0.31,0.9483030218942646,1.0,1
500.0,150.0,11,0.32,0.95150649555363,1.0,1
500.0,150.0,11,0.33,0.9542016113368015,1.0,1
500.0,150.0,11,0.34,0.9565847555139859,1.0,1
500.0,150.0,11,0.35,0.9587816823317623,1.0,1
500.0,150.0,12,0.15,0.15968662208963946,0.0,0
500.0,150.0,12,0.16,0.1969547216211933,0.0,0
500.0,150.0,12,0.17,0.20358653909755076,0.0,0
500.0,150.0,12,0.18,0.21869087596031986,0.0,0
500.0,150.0,12,0.19,0.2182768153435455,0.0,0
500.0,150.0,12,0.2,0.1334371395277096,0.0,0
500.0,150.0,12,0.21,0.18164480962665036,0.0,0
500.0,150.0,12,0.22,0.1356729626741041,0.0,0
500.0,150.0,12,0.23,0.1428716056365929,0.0,0
500.0,150.0,12,0.24,0.158749286641506,0.0,0
500.0,150.0,12,0.25,0.91739266763168,1.0,1
500.0,150.0,12,0.26,0.9248249109506796,1.0,1
500.0,150.0,12,0.27,0.9310645329614998,1.0,1
500.0,150.0,12,0.28,0.9364207017701959,1.0,1
500.0,150.0,12,0.29,0.9409707683799814,1.0,1
500.0,150.0,12,0.3,0.9449197696710234,1.0,1
500.0,150.0,12,0.31,0.9484388659986316,1.0,1
500.0,150.0,12,0.32,0.9514088639634316,1.0,1
500.0,150.0,12,0.33,0.9541224232064187,1.0,1
500.0,150.0,12,0.34,0.9566393092669092,1.0,1
500.0,150.0,12,0.35,0.9587639173416054,1.0,1
500.0,150.0,13,0.15,0.13696290602789946,0.0,0
500.0,150.0,13,0.16,0.1507385119309421,0.0,0
500.0,150.0,13,0.17,0.15995998136415088,0.0,0
500.0,150.0,13,0.18,0.1387116701562831,0.0,0
500.0,150.0,13,0.19,0.14427071689005416,0.0,0
500.0,150.0,13,0.2,0.15112831470291774,0.0,0
500.0,150.0,13,0.21,0.09684298794769176,0.0,0
500.0,150.0,13,0.22,0.1609564887253355,0.0,0
500.0,150.0,13,0.23,0.22984169767751095,0.029666666666666668,0
500.0,150.0,13,0.24,0.9081601571085294,1.0,1
500.0,150.0,13,0.25,0.917367449232977,1.0,1
500.0,150.0,13,0.26,0.9248772134926688,1.0,1
500.0,150.0,13,0.27,0.9310869553901384,1.0,1
500.0,150.0,13,0.28,0.9362697185162753,1.0,1
500.0,150.0,13,0.29,0.9408566813465632,1.0,1
500.0,150.0,13,0.3,0.9448033783152714,1.0,1
500.0,150.0,13,0.31,0.9481931874371213,1.0,1
500.0,150.0,13,0.32,0.9513873000900721,1.0,1
500.0,150.0,13,0.33,0.9541365923839097,1.0,1
500.0,150.0,13,0.34,0.9564849474813991,1.0,1
500.0,150.0,13,0.35,0.9587501963253512,1.0,1
500.0,150.0,14,0.15,0.13221623179687556,0.0,0
500.0,150.0,14,0.16,0.13159273724087417,0.0,0
500.0,150.0,14,0.17,0.13854241119753627,0.0,0
500.0,150.0,14,0.18,0.202363073390146,0.0,0
500.0,150.0,14,0.19,0.11497851897842548,0.0,0
500.0,150.0,14,0.2,0.13866875962505307,0.0,0
500.0,150.0,14,0.21,0.130413518070528,0.0,0
500.0,150.0,14,0.22,0.15306166888658773,0.0,0
500.0,150.0,14,0.23,0.16491563881502155,0.0,0
500.0,150.0,14,0.24,0.13683859483398156,0.0,0
500.0,150.0,14,0.25,0.91739710486204,1.0,1
500.0,150.0,14,0.26,0.9248369387603572,1.0,1
500.0,150.0,14,0.27,0.9310198869334192,1.0,1
500.0,150.0,14,0.28,0.9364305769780635,1.0,1
500.0,150.0,14,0.29,0.9407708718113614,1.0,1
500.0,150.0,14,0.3,0.9446985345536459,1.0,1
500.0,150.0,14,0.31,0.9484108682639751,1.0,1
500.0,150.0,14,0.32,0.9512209306906619,1.0,1
500.0,150.0,14,0.33,0.9539698150675883,1.0,1
500.0,150.0,14,0.34,0.9565844276239128,1.0,1
500.0,150.0,14,0.35,0.9587135700789853,1.0,1
500.0,150.0,15,0.15,0.14969829134858878,0.0,0
500.0,150.0,15,0.16,0.1661027146848935,0.0,0
500.0,150.0,15,0.17,0.15631647621105352,0.0,0
500.0,150.0,15,0.18,0.15430362416179946,0.0,0
500.0,150.0,15,0.19,0.1841792706297527,0.0,0
500.0,150.0,15,0.2,0.14401619928846524,0.0,0
500.0,150.0,15,0.21,0.21933737959787367,0.0,0
500.0,150.0,15,0.22,0.14432263489077124,0.0,0
500.0,150.0,15,0.23,0.1457064848062003,0.0,0
500.0,150.0,15,0.24,0.16838950638461195,0.0,0
500.0,150.0,15,0.25,0.9173965653417924,1.0,1
500.0,150.0,15,0.26,0.9248231403209081,1.0,1
500.0,150.0,15,0.27,0.9310156966243854,1.0,1
500.0,150.0,15,0.28,0.9364828748519296,1.0,1
500.0,150.0,15,0.29,0.9408271770476496,1.0,1
500.0,150.0,15,0.3,0.9447673260117069,1.0,1
500.0,150.0,15,0.31,0.94848350148105,1.0,1
500.0,150.0,15,0.32,0.9512775218174306,1.0,1
500.0,150.0,15,0.33,0.9540180048146102,1.0,1
500.0,150.0,15,0.34,0.9566256118950205,1.0,1
500.0,150.0,15,0.35,0.9587378370120426,1.0,1
500.0,150.0,16,0.15,0.16416306903029573,0.0,0
500.0,150.0,16,0.16,0.1472559363192501,0.0,0
500.0,150.0,16,0.17,0.16982499451654806,0.0,0
500.0,150.0,16,0.18,0.18249602916835636,0.0,0
500.0,150.0,16,0.19,0.1992864790208022,0.0,0
500.0,150.0,16,0.2,0.12404107468360712,0.0,0
500.0,150.0,16,0.21,0.10971252236128332,0.0,0
500.0,150.0,16,0.22,0.19320192860057925,0.0,0
500.0,150.0,16,0.23,0.1469851835286984,0.0,0
500.0,150.0,16,0.24,0.12407904678738976,0.0,0
500.0,150.0,16,0.25,0.16464219330959826,0.0,0
500.0,150.0,16,0.26,0.9248293999545433,1.0,1
500.0,150.0,16,0.27,0.931086876862482,1.0,1
500.0,150.0,16,0.28,0.9363967027724752,1.0,1
500.0,150.0,16,0.29,0.9410051336719153,1.0,1
500.0,150.0,16,0.3,0.9449576670428028,1.0,1
500.0,150.0,16,0.31,0.9484029851220478,1.0,1
500.0,150.0,16,0.32,0.9514433869254293,1.0,1
500.0,150.0,16,0.33,0.9541497433186461,1.0,1
500.0,150.0,16,0.34,0.9566314063649086,1.0,1
500.0,150.0,16,0.35,0.9587701880836713,1.0,1
500.0,150.0,17,0.15,0.1757628101324183,0.0,0
500.0,150.0,17,0.16,0.10321871927422463,0.0,0
500.0,150.0,17,0.17,0.2099054205880274,0.0,0
500.0,150.0,17,0.18,0.19178549162283423,0.0,0
500.0,150.0,17,0.19,0.14585196245034482,0.0,0
500.0,150.0,17,0.2,0.15600124318666678,0.0,0
500.0,150.0,17,0.21,0.12505415861234478,0.0,0
500.0,150.0,17,0.22,0.20573203397866893,0.0,0
500.0,150.0,17,0.23,0.1483153414239612,0.0,0
500.0,150.0,17,0.24,0.15957706343070777,0.0,0
500.0,150.0,17,0.25,0.9173607472160995,1.0,1
500.0,150.0,17,0.26,0.9248559552420081,1.0,1
500.0,150.0,17,0.27,0.9311508879926591,1.0,1
500.0,150.0,17,0.28,0.9363283247093653,1.0,1
500.0,150.0,17,0.29,0.9410538896559806,1.0,1
500.0,150.0,17,0.3,0.9450178469423522,1.0,1
500.0,150.0,17,0.31,0.9482799348434814,1.0,1
500.0,150.0,17,0.32,0.9515169463581132,1.0,1
500.0,150.0,17,0.33,0.9542113754680428,1.0,1
500.0,150.0,17,0.34,0.9565671470596763,1.0,1
500.0,150.0,17,0.35,0.9587837700843225,1.0,1
500.0,150.0,18,0.15,0.16808381803795233,0.0,0
500.0,150.0,18,0.16,0.14753354420291298,0.0,0
500.0,150.0,18,0.17,0.15830271838979518,0.0,0
500.0,150.0,18,0.18,0.2128576098685951,0.0,0
500.0,150.0,18,0.19,0.18574040373799042,0.0,0
500.0,150.0,18,0.2,0.1638903295609836,0.0,0
500.0,150.0,18,0.21,0.13334456761985364,0.0,0
500.0,150.0,18,0.22,0.12781081168260297,0.0,0
500.0,150.0,18,0.23,0.13480391010728976,0.0,0
500.0,150.0,18,0.24,0.8926480642988055,1.0,1
500.0,150.0,18,0.25,0.9173616324933284,1.0,1
500.0,150.0,18,0.26,0.9248449853639958,1.0,1
500.0,150.0,18,0.27,0.931132566256892,1.0,1
500.0,150.0,18,0.28,0.9363505579133634,1.0,1
500.0,150.0,18,0.29,0.9410484100119129,1.0,1
500.0,150.0,18,0.3,0.9450066350310647,1.0,1
500.0,150.0,18,0.31,0.9483239107237502,1.0,1
500.0,150.0,18,0.32,0.9514955241476678,1.0,1
500.0,150.0,18,0.33,0.9541922565297302,1.0,1
500.0,150.0,18,0.34,0.9565979729492495,1.0,1
500.0,150.0,18,0.35,0.9587795566146857,1.0,1
500.0,150.0,19,0.15,0.14432621896499767,0.0,0
500.0,150.0,19,0.16,0.165668019595653,0.0,0
500.0,150.0,19,0.17,0.18361937828610284,0.0,0
500.0,150.0,19,0.18,0.12975311518957958,0.0,0
500.0,150.0,19,0.19,0.20414940664682552,0.0,0
500.0,150.0,19,0.2,0.18960807302057225,0.0,0
500.0,150.0,19,0.21,0.1775276318914594,0.0,0
500.0,150.0,19,0.22,0.1427653111229515,0.0,0
500.0,150.0,19,0.23,0.1749783043970091,0.0,0
500.0,150.0,19,0.24,0.14224891419282873,0.0,0
500.0,150.0,19,0.25,0.9173700630537355,1.0,1
500.0,150.0,19,0.26,0.9248213873185447,1.0,1
500.0,150.0,19,0.27,0.9310300982218657,1.0,1
500.0,150.0,19,0.28,0.9364640100925695,1.0,1
500.0,150.0,19,0.29,0.9408889853316829,1.0,1
500.0,150.0,19,0.3,0.944835415196501,1.0,1
500.0,150.0,19,0.31,0.9484809299874256,1.0,1
500.0,150.0,19,0.32,0.9513368547741958,1.0,1
500.0,150.0,19,0.33,0.9540658355947716,1.0,1
500.0,150.0,19,0.34,0.9566376896835082,1.0,1
500.0,150.0,19,0.35,0.958750468602126,1.0,1
