Q1,survival_rate,gt_survival_rate
2.9896,0.72,0.74
2.989610256410256,0.74,0.74
2.9896205128205127,0.7,0.7
2.989630769230769,0.72,0.74
2.9896410256410255,0.76,0.78
2.9896512820512817,0.78,0.78
2.9896615384615384,0.78,0.78
2.9896717948717946,0.84,0.84
2.9896820512820512,0.8,0.84
2.9896923076923074,0.76,0.78
2.989702564102564,0.76,0.78
2.9897128205128203,0.7,0.76
2.989723076923077,0.7,0.72
2.989733333333333,0.72,0.72
2.98974358974359,0.74,0.74
2.989753846153846,0.76,0.78
2.9897641025641026,0.8,0.8
2.989774358974359,0.84,0.84
2.9897846153846155,0.84,0.86
2.9897948717948717,0.78,0.86
2.9898051282051283,0.68,0.82
2.9898153846153845,0.82,0.88
2.989825641025641,0.7,0.84
2.9898358974358974,0.46,0.36
2.989846153846154,0.34,0.2
2.9898564102564102,0.32,0.24
2.989866666666667,0.18,0.14
2.989876923076923,0.2,0.1
2.9898871794871797,0.16,0.1
2.989897435897436,0.16,0.06
2.9899076923076926,0.18,0.06
2.989917948717949,0.2,0.14
2.9899282051282055,0.06,0.04
2.9899384615384617,0.06,0.04
2.9899487179487183,0.06,0.0
2.9899589743589745,0.1,0.02
2.989969230769231,0.14,0.04
2.9899794871794874,0.06,0.04
2.989989743589744,0.06,0.02
2.99,0.08,0.04
