Q1,representative_stat,gt_rate,rc_rate,SCDT_original_query_parameter,SCDT_calibration_parameter
2.98962,0.0308308738537416,70.0,100.0,2.9896058722991836,2.98962
2.98963,0.0309395021629037,74.0,100.0,2.989617056900589,2.98963
2.98964,0.0310481304720657,78.0,100.0,2.9896282415019937,2.98964
2.98965,0.0311567587812277,78.0,100.0,2.989639426103399,2.98965
2.98966,0.0312653870903897,78.0,100.0,2.989650610704804,2.98966
2.98967,0.0313740153995518,84.0,100.0,2.9896617953062092,2.98967
2.98968,0.0314826437087138,84.0,100.0,2.9896729799076143,2.98968
2.98969,0.0315912720178758,78.0,100.0,2.9896841645090197,2.98969
2.9897,0.0316999003270378,78.0,100.0,2.989695349110425,2.9897
2.98971,0.0318085286361998,76.0,100.0,2.98970653371183,2.98971
2.98972,0.0319171569453619,72.0,100.0,2.989717718313235,2.98972
2.98973,0.0320257852545239,72.0,94.0,2.9897289029146403,2.98973
2.98974,0.0321344135636859,74.0,98.0,2.989740087516045,2.98974
2.98975,0.0322430418728479,78.0,96.0,2.9897512721174504,2.98975
2.98976,0.03235167018201,80.0,96.0,2.989762456718855,2.98976
2.98977,0.032460298491172,84.0,90.0,2.9897736413202605,2.98977
2.98978,0.032568926800334,86.0,98.0,2.9897848259216655,2.98978
2.98979,0.032677555109496,86.0,92.0,2.989796010523071,2.98979
2.9898,0.032786183418658,86.0,12.0,2.989807195124476,2.9898
2.98981,0.0328948117278201,82.0,0.0,2.989818379725881,2.98981
2.98982,0.0330034400369821,88.0,0.0,2.989829564327286,2.98982
2.98983,0.0331120683461441,14.000000000000002,0.0,2.9898407489286916,2.98983
2.98984,0.0332206966553061,4.0,0.0,2.989851933530096,2.98984
2.98985,0.0333293249644682,4.0,0.0,2.9898631181315016,2.98985
2.9898599999999997,0.0334379532736302,0.0,0.0,2.9898743027329067,2.9898599999999997
2.98987,0.0335465815827922,0.0,0.0,2.9898854873343117,2.98987
2.98988,0.0336552098919542,0.0,0.0,2.9898966719357167,2.98988
2.98989,0.0337638382011162,0.0,0.0,2.989907856537122,2.98989
2.9899,0.0338724665102783,0.0,0.0,2.989919041138527,2.9899
2.98991,0.0339810948194403,0.0,0.0,2.9899302257399323,2.98991
2.98992,0.0340897231286023,0.0,0.0,2.9899414103413373,2.98992
2.98993,0.0341983514377643,0.0,0.0,2.9899525949427423,2.98993
2.98994,0.0343069797469264,0.0,0.0,2.9899637795441474,2.98994
2.98995,0.0344156080560884,0.0,0.0,2.989974964145553,2.98995
2.98996,0.0345242363652504,0.0,0.0,2.989986148746958,2.98996
