Q1,supplied_std,supplied_ac,warmup_end,gt_seed,time,gt,scdt
2.989827,0.0330095355228188,0.9851316050481506,26375,28,0.0,0.8504318021930668,0.8743009054049194
2.989827,0.0330095355228188,0.9851316050481506,26375,28,0.05,0.8410596194329655,0.8695802095887717
2.989827,0.0330095355228188,0.9851316050481506,26375,28,0.1,0.8363238315578625,0.8643224431870348
2.989827,0.0330095355228188,0.9851316050481506,26375,28,0.15,0.83358379025504,0.8586384058104972
2.989827,0.0330095355228188,0.9851316050481506,26375,28,0.2,0.8317052546633114,0.8526364190133224
2.989827,0.0330095355228188,0.9851316050481506,26375,28,0.25,0.8306367515845424,0.8464208327840254
2.989827,0.0330095355228188,0.9851316050481506,26375,28,0.3,0.8307039683443358,0.8400903271768578
2.989827,0.0330095355228188,0.9851316050481506,26375,28,0.35,0.8321643586370114,0.8337385816539381
2.989827,0.0330095355228188,0.9851316050481506,26375,28,0.4,0.835112741297181,0.8274568848233399
2.989827,0.0330095355228188,0.9851316050481506,26375,28,0.45,0.8394792323264686,0.8213375290773084
2.989827,0.0330095355228188,0.9851316050481506,26375,28,0.5,0.845029591717301,0.8154776500708104
2.989827,0.0330095355228188,0.9851316050481506,26375,28,0.55,0.8513763375537796,0.8099837977698224
2.989827,0.0330095355228188,0.9851316050481506,26375,28,0.6000000000000001,0.8580240329992026,0.804977837674533
2.989827,0.0330095355228188,0.9851316050481506,26375,28,0.65,0.864452554058539,0.8006050370475762
2.989827,0.0330095355228188,0.9851316050481506,26375,28,0.7000000000000001,0.8702057890903356,0.7970459290376435
2.989827,0.0330095355228188,0.9851316050481506,26375,28,0.75,0.8749527861410282,0.7945322693593712
2.989827,0.0330095355228188,0.9851316050481506,26375,28,0.8,0.8785041369245139,0.7933545864360971
2.989827,0.0330095355228188,0.9851316050481506,26375,28,0.8500000000000001,0.8807879919417535,0.7938327749556832
2.989827,0.0330095355228188,0.9851316050481506,26375,28,0.9,0.8818145878458711,0.7962609020129674
2.989827,0.0330095355228188,0.9851316050481506,26375,28,0.95,0.8816478946001335,0.800886466337617
2.989827,0.0330095355228188,0.9851316050481506,26375,28,1.0,0.8803853949633719,0.8078139585848074
2.989827,0.0330095355228188,0.9851316050481506,26375,28,1.05,0.8781452062954703,0.8168325379085031
2.989827,0.0330095355228188,0.9851316050481506,26375,28,1.1,0.8750554266731315,0.8273561990213377
2.989827,0.0330095355228188,0.9851316050481506,26375,28,1.15,0.8712467002042882,0.8385687589818624
2.989827,0.0330095355228188,0.9851316050481506,26375,28,1.2000000000000002,0.8668478514119619,0.8495525362018118
2.989827,0.0330095355228188,0.9851316050481506,26375,28,1.25,0.8619845474113402,0.8594274888325542
2.989827,0.0330095355228188,0.9851316050481506,26375,28,1.3,0.8567800515750569,0.8676779131954164
2.989827,0.0330095355228188,0.9851316050481506,26375,28,1.35,0.8513570451797459,0.8740945644328866
2.989827,0.0330095355228188,0.9851316050481506,26375,28,1.4,0.8458399583412204,0.8787663786045762
2.989827,0.0330095355228188,0.9851316050481506,26375,28,1.4500000000000002,0.8403578423164723,0.8817200884834813
2.989827,0.0330095355228188,0.9851316050481506,26375,28,1.5,0.835048145500514,0.8831402784489141
2.989827,0.0330095355228188,0.9851316050481506,26375,28,1.55,0.8300616936583848,0.8831422024014742
2.989827,0.0330095355228188,0.9851316050481506,26375,28,1.6,0.8255687437395051,0.8819043805139962
2.989827,0.0330095355228188,0.9851316050481506,26375,28,1.65,0.821765117007958,0.8796023952189819
2.989827,0.0330095355228188,0.9851316050481506,26375,28,1.7000000000000002,0.8188762271304425,0.8763919335378602
2.989827,0.0330095355228188,0.9851316050481506,26375,28,1.75,0.8171545846258692,0.872414957474106
2.989827,0.0330095355228188,0.9851316050481506,26375,28,1.8,0.8168649818058729,0.867797347889134
2.989827,0.0330095355228188,0.9851316050481506,26375,28,1.85,0.8182507638822665,0.8626534791692765
2.989827,0.0330095355228188,0.9851316050481506,26375,28,1.9,0.8214776839560528,0.8570939692367493
2.989827,0.0330095355228188,0.9851316050481506,26375,28,1.95,0.8265643894982824,0.8512282520686818
2.989827,0.0330095355228188,0.9851316050481506,26375,28,2.0,0.8333171407798331,0.8451629792170849
2.989827,0.0330095355228188,0.9851316050481506,26375,28,2.0500000000000003,0.8413034894810096,0.8390007713512483
2.989827,0.0330095355228188,0.9851316050481506,26375,28,2.1,0.849893911193369,0.832841569091531
2.989827,0.0330095355228188,0.9851316050481506,26375,28,2.15,0.8583734367194437,0.8267860177386132
2.989827,0.0330095355228188,0.9851316050481506,26375,28,2.2,0.8660907459967708,0.8209398514022206
2.989827,0.0330095355228188,0.9851316050481506,26375,28,2.25,0.8725800070796834,0.8154188944547958
2.989827,0.0330095355228188,0.9851316050481506,26375,28,2.3000000000000003,0.877592272484973,0.8103546881179918
2.989827,0.0330095355228188,0.9851316050481506,26375,28,2.35,0.8810559593359241,0.8059011833005734
2.989827,0.0330095355228188,0.9851316050481506,26375,28,2.4000000000000004,0.8830065677990214,0.802244191694278
2.989827,0.0330095355228188,0.9851316050481506,26375,28,2.45,0.8835374175978579,0.7996159400874795
2.989827,0.0330095355228188,0.9851316050481506,26375,28,2.5,0.8827740967868398,0.7983048397994404
2.989827,0.0330095355228188,0.9851316050481506,26375,28,2.5500000000000003,0.8808596802505989,0.7986274862161437
2.989827,0.0330095355228188,0.9851316050481506,26375,28,2.6,0.8779436206644352,0.8008682458007867
2.989827,0.0330095355228188,0.9851316050481506,26375,28,2.6500000000000004,0.8741719923753407,0.8052528452801285
2.989827,0.0330095355228188,0.9851316050481506,26375,28,2.7,0.8696819558493754,0.8118718216516049
2.989827,0.0330095355228188,0.9851316050481506,26375,28,2.75,0.86460023448075,0.8205108040371738
2.989827,0.0330095355228188,0.9851316050481506,26375,28,2.8000000000000003,0.8590444386845553,0.8305972027851387
2.989827,0.0330095355228188,0.9851316050481506,26375,28,2.85,0.8531250035439272,0.8413379849119887
2.989827,0.0330095355228188,0.9851316050481506,26375,28,2.9000000000000004,0.8469463997390899,0.8518382650082449
2.989827,0.0330095355228188,0.9851316050481506,26375,28,2.95,0.840607435338458,0.8612730074781221
2.989827,0.0330095355228188,0.9851316050481506,26375,28,3.0,0.8342012058285398,0.8691382694107008
2.989827,0.0330095355228188,0.9851316050481506,26375,28,3.0500000000000003,0.8278153686752983,0.875221845085865
2.989827,0.0330095355228188,0.9851316050481506,26375,28,3.1,0.8215332220471484,0.879595569807163
2.989827,0.0330095355228188,0.9851316050481506,26375,28,3.1500000000000004,0.8154358786339866,0.8822804443220978
2.989827,0.0330095355228188,0.9851316050481506,26375,28,3.2,0.8096057685361122,0.8834462111183768
2.989827,0.0330095355228188,0.9851316050481506,26375,28,3.25,0.8041317529219777,0.8832138675329267
2.989827,0.0330095355228188,0.9851316050481506,26375,28,3.3000000000000003,0.7991161676514165,0.8817509902910579
2.989827,0.0330095355228188,0.9851316050481506,26375,28,3.35,0.7946841438752251,0.8792322549913175
2.989827,0.0330095355228188,0.9851316050481506,26375,28,3.4000000000000004,0.7909946678018182,0.8758132562601707
2.989827,0.0330095355228188,0.9851316050481506,26375,28,3.45,0.7882523223506498,0.8716357104951965
2.989827,0.0330095355228188,0.9851316050481506,26375,28,3.5,0.786715706323968,0.8668257836820921
2.989827,0.0330095355228188,0.9851316050481506,26375,28,3.5500000000000003,0.7866951004136084,0.8614982886798749
2.989827,0.0330095355228188,0.9851316050481506,26375,28,3.6,0.788527861476768,0.855763283746198
2.989827,0.0330095355228188,0.9851316050481506,26375,28,3.65,0.7925199579613303,0.8497275229672748
2.989827,0.0330095355228188,0.9851316050481506,26375,28,3.7,0.79885088883275,0.8434922821883526
2.989827,0.0330095355228188,0.9851316050481506,26375,28,3.75,0.8074587228465483,0.8371519127670378
2.989827,0.0330095355228188,0.9851316050481506,26375,28,3.8,0.8179490387178654,0.8307947508822446
2.989827,0.0330095355228188,0.9851316050481506,26375,28,3.85,0.8295885186741562,0.8245053961637241
2.989827,0.0330095355228188,0.9851316050481506,26375,28,3.9,0.8414189235390753,0.8183673383351173
2.989827,0.0330095355228188,0.9851316050481506,26375,28,3.95,0.852486912906762,0.8124658619973457
2.989827,0.0330095355228188,0.9851316050481506,26375,28,4.0,0.8620772685561051,0.8068917607347283
2.989827,0.0330095355228188,0.9851316050481506,26375,28,4.05,0.8698308892215233,0.8017466046521293
2.989827,0.0330095355228188,0.9851316050481506,26375,28,4.1000000000000005,0.8756871172705093,0.7971503022927788
2.989827,0.0330095355228188,0.9851316050481506,26375,28,4.15,0.8797397490374508,0.7932519326566126
2.989827,0.0330095355228188,0.9851316050481506,26375,28,4.2,0.8821377805000102,0.7902446050032429
2.989827,0.0330095355228188,0.9851316050481506,26375,28,4.25,0.8830474072054515,0.7883801974228761
2.989827,0.0330095355228188,0.9851316050481506,26375,28,4.3,0.8826428417759631,0.7879651768228352
2.989827,0.0330095355228188,0.9851316050481506,26375,28,4.3500000000000005,0.8810964882685443,0.7893207094858269
2.989827,0.0330095355228188,0.9851316050481506,26375,28,4.4,0.8785704305996418,0.7927384831585057
2.989827,0.0330095355228188,0.9851316050481506,26375,28,4.45,0.8752105717834517,0.798456794372403
2.989827,0.0330095355228188,0.9851316050481506,26375,28,4.5,0.871146731789262,0.8064981439368899
2.989827,0.0330095355228188,0.9851316050481506,26375,28,4.55,0.8664977602233225,0.8165174077210293
2.989827,0.0330095355228188,0.9851316050481506,26375,28,4.6000000000000005,0.8613774721316189,0.8278197962863146
2.989827,0.0330095355228188,0.9851316050481506,26375,28,4.65,0.8558986498956991,0.8395212858330652
2.989827,0.0330095355228188,0.9851316050481506,26375,28,4.7,0.8501747874334682,0.850680964862315
2.989827,0.0330095355228188,0.9851316050481506,26375,28,4.75,0.8443206058937658,0.860467527096667
2.989827,0.0330095355228188,0.9851316050481506,26375,28,4.800000000000001,0.8384528410035174,0.8684773883952256
2.989827,0.0330095355228188,0.9851316050481506,26375,28,4.8500000000000005,0.8326923928748834,0.8746093503952392
2.989827,0.0330095355228188,0.9851316050481506,26375,28,4.9,0.8271683448159249,0.8790096613647509
2.989827,0.0330095355228188,0.9851316050481506,26375,28,4.95,0.8220239261334753,0.8817147057563391
2.989827,0.0330095355228188,0.9851316050481506,26375,28,5.0,0.8174240986739634,0.8829138154576376
2.989827,0.0330095355228188,0.9851316050481506,26375,28,5.050000000000001,0.8135637443712714,0.8827407913371599
2.989827,0.0330095355228188,0.9851316050481506,26375,28,5.1000000000000005,0.8106740732885082,0.8813860233482432
2.989827,0.0330095355228188,0.9851316050481506,26375,28,5.15,0.8090225647645929,0.8790139861867282
2.989827,0.0330095355228188,0.9851316050481506,26375,28,5.2,0.8088992758256994,0.8757755716789692
2.989827,0.0330095355228188,0.9851316050481506,26375,28,5.25,0.8105809377944189,0.8718074329131331
2.989827,0.0330095355228188,0.9851316050481506,26375,28,5.300000000000001,0.8142677569524202,0.8672301855607201
2.989827,0.0330095355228188,0.9851316050481506,26375,28,5.3500000000000005,0.8200002501278463,0.8621559720194806
2.989827,0.0330095355228188,0.9851316050481506,26375,28,5.4,0.8275788006231816,0.8566961132685693
2.989827,0.0330095355228188,0.9851316050481506,26375,28,5.45,0.836526321898427,0.850962919332248
2.989827,0.0330095355228188,0.9851316050481506,26375,28,5.5,0.8461331424373325,0.8450683057595468
2.989827,0.0330095355228188,0.9851316050481506,26375,28,5.550000000000001,0.8555868378412069,0.8391235587391774
2.989827,0.0330095355228188,0.9851316050481506,26375,28,5.6000000000000005,0.8641585974847569,0.8332419664913132
2.989827,0.0330095355228188,0.9851316050481506,26375,28,5.65,0.8713438926461045,0.827543614524675
2.989827,0.0330095355228188,0.9851316050481506,26375,28,5.7,0.8768997987580918,0.822161240436198
2.989827,0.0330095355228188,0.9851316050481506,26375,28,5.75,0.8807827936388859,0.8172460658527007
2.989827,0.0330095355228188,0.9851316050481506,26375,28,5.800000000000001,0.8830567467758862,0.8129728959290706
2.989827,0.0330095355228188,0.9851316050481506,26375,28,5.8500000000000005,0.8838371005173749,0.80954653748196
2.989827,0.0330095355228188,0.9851316050481506,26375,28,5.9,0.8832671751941955,0.80721416922301
2.989827,0.0330095355228188,0.9851316050481506,26375,28,5.95,0.881502727794882,0.8062698753501234
2.989827,0.0330095355228188,0.9851316050481506,26375,28,6.0,0.878703051506109,0.8070129921066139
2.989827,0.0330095355228188,0.9851316050481506,26375,28,6.050000000000001,0.8750199041076745,0.8096803583491593
2.989827,0.0330095355228188,0.9851316050481506,26375,28,6.1000000000000005,0.8705926173718123,0.8144284674830106
2.989827,0.0330095355228188,0.9851316050481506,26375,28,6.15,0.8655478530231431,0.8212326130825536
2.989827,0.0330095355228188,0.9851316050481506,26375,28,6.2,0.8600018938989641,0.8297556327790314
2.989827,0.0330095355228188,0.9851316050481506,26375,28,6.25,0.8540632561242161,0.8393636339640265
2.989827,0.0330095355228188,0.9851316050481506,26375,28,6.300000000000001,0.8478339777547664,0.8492664744872929
2.989827,0.0330095355228188,0.9851316050481506,26375,28,6.3500000000000005,0.8414094189018292,0.8586406437203957
2.989827,0.0330095355228188,0.9851316050481506,26375,28,6.4,0.8348772841222641,0.8668450161357287
2.989827,0.0330095355228188,0.9851316050481506,26375,28,6.45,0.8283166274784048,0.8734720576155643
2.989827,0.0330095355228188,0.9851316050481506,26375,28,6.5,0.821797240660471,0.8783938818737319
2.989827,0.0330095355228188,0.9851316050481506,26375,28,6.550000000000001,0.8153794823579736,0.8817143983752334
2.989827,0.0330095355228188,0.9851316050481506,26375,28,6.6000000000000005,0.8091144467103875,0.8834311702501276
2.989827,0.0330095355228188,0.9851316050481506,26375,28,6.65,0.8030443500568407,0.883716800986515
2.989827,0.0330095355228188,0.9851316050481506,26375,28,6.7,0.7972030494306196,0.882696812377046
2.989827,0.0330095355228188,0.9851316050481506,26375,28,6.75,0.7916166383052491,0.8805347184186592
2.989827,0.0330095355228188,0.9851316050481506,26375,28,6.800000000000001,0.7863040795756757,0.8773923537058622
2.989827,0.0330095355228188,0.9851316050481506,26375,28,6.8500000000000005,0.7812778383887279,0.873418407651815
2.989827,0.0330095355228188,0.9851316050481506,26375,28,6.9,0.7765445310049578,0.8687486375711273
2.989827,0.0330095355228188,0.9851316050481506,26375,28,6.95,0.7721054436628054,0.8635049975170999
2.989827,0.0330095355228188,0.9851316050481506,26375,28,7.0,0.767956942633124,0.8578004982746645
2.989827,0.0330095355228188,0.9851316050481506,26375,28,7.050000000000001,0.7640907516674995,0.8517423981889061
2.989827,0.0330095355228188,0.9851316050481506,26375,28,7.1000000000000005,0.7604939630071587,0.8454307367143967
2.989827,0.0330095355228188,0.9851316050481506,26375,28,7.15,0.757148693904764,0.8389558189758871
2.989827,0.0330095355228188,0.9851316050481506,26375,28,7.2,0.754031232321867,0.8323974883948415
2.989827,0.0330095355228188,0.9851316050481506,26375,28,7.25,0.7511104279943868,0.8258257135233678
2.989827,0.0330095355228188,0.9851316050481506,26375,28,7.300000000000001,0.7483449487944144,0.8193009603604339
2.989827,0.0330095355228188,0.9851316050481506,26375,28,7.35,0.7456787841089816,0.8128737233890259
2.989827,0.0330095355228188,0.9851316050481506,26375,28,7.4,0.7430339483127867,0.8065833949720552
2.989827,0.0330095355228188,0.9851316050481506,26375,28,7.45,0.7402985372045706,0.8004568807418273
2.989827,0.0330095355228188,0.9851316050481506,26375,28,7.5,0.7373066548446267,0.7945071190303564
2.989827,0.0330095355228188,0.9851316050481506,26375,28,7.550000000000001,0.7338030506133832,0.7887312238759908
2.989827,0.0330095355228188,0.9851316050481506,26375,28,7.6,0.7293765768218827,0.7831076098977839
2.989827,0.0330095355228188,0.9851316050481506,26375,28,7.65,0.7233220373009792,0.7775911887997822
2.989827,0.0330095355228188,0.9851316050481506,26375,28,7.7,0.7143131599961456,0.7721054801161104
2.989827,0.0330095355228188,0.9851316050481506,26375,28,7.75,0.6994612725942821,0.766530139240272
2.989827,0.0330095355228188,0.9851316050481506,26375,28,7.800000000000001,0.670330675191939,0.7606820327139112
2.989827,0.0330095355228188,0.9851316050481506,26375,28,7.85,0.5726479156719829,0.754288904566809
2.989827,0.0330095355228188,0.9851316050481506,26375,28,7.9,-0.5924918927211912,0.7469641598971
2.989827,0.0330095355228188,0.9851316050481506,26375,28,7.95,,0.7382268310377693
2.989827,0.0330095355228188,0.9851316050481506,26375,28,8.0,,0.7275835435662922
2.989827,0.0330095355228188,0.9851316050481506,26375,28,8.05,,0.714241677531046
2.989827,0.0330095355228188,0.9851316050481506,26375,28,8.1,,0.6970739091430221
2.989827,0.0330095355228188,0.9851316050481506,26375,28,8.15,,0.6760316549557833
2.989827,0.0330095355228188,0.9851316050481506,26375,28,8.200000000000001,,0.6519847909902873
2.989827,0.0330095355228188,0.9851316050481506,26375,28,8.25,,0.6258303823570444
2.989827,0.0330095355228188,0.9851316050481506,26375,28,8.3,,0.5981628635572074
2.989827,0.0330095355228188,0.9851316050481506,26375,28,8.35,,0.5694182007007191
2.989827,0.0330095355228188,0.9851316050481506,26375,28,8.4,,0.5400580926381285
2.989827,0.0330095355228188,0.9851316050481506,26375,28,8.450000000000001,,0.5104530029929658
2.989827,0.0330095355228188,0.9851316050481506,26375,28,8.5,,0.48087148233029664
2.989827,0.0330095355228188,0.9851316050481506,26375,28,8.55,,0.45153746467438466
2.989827,0.0330095355228188,0.9851316050481506,26375,28,8.6,,0.4226409184327227
2.989827,0.0330095355228188,0.9851316050481506,26375,28,8.65,,0.3943337192401528
2.989827,0.0330095355228188,0.9851316050481506,26375,28,8.700000000000001,,0.36672473701347097
2.989827,0.0330095355228188,0.9851316050481506,26375,28,8.75,,0.33987830508453165
2.989827,0.0330095355228188,0.9851316050481506,26375,28,8.8,,0.3138169237271988
2.989827,0.0330095355228188,0.9851316050481506,26375,28,8.85,,0.2885275372740952
2.989827,0.0330095355228188,0.9851316050481506,26375,28,8.9,,0.2639700663280288
2.989827,0.0330095355228188,0.9851316050481506,26375,28,8.950000000000001,,0.24012286269379404
2.989827,0.0330095355228188,0.9851316050481506,26375,28,9.0,,0.21692071169930785
2.989827,0.0330095355228188,0.9851316050481506,26375,28,9.05,,0.1942755524982932
2.989827,0.0330095355228188,0.9851316050481506,26375,28,9.1,,0.17210139286497042
2.989827,0.0330095355228188,0.9851316050481506,26375,28,9.15,,0.1503102279461229
2.989827,0.0330095355228188,0.9851316050481506,26375,28,9.2,,0.1288047105779249
2.989827,0.0330095355228188,0.9851316050481506,26375,28,9.25,,0.10746689400068676
2.989827,0.0330095355228188,0.9851316050481506,26375,28,9.3,,0.086144047639798
2.989827,0.0330095355228188,0.9851316050481506,26375,28,9.35,,0.06469761779915484
2.989827,0.0330095355228188,0.9851316050481506,26375,28,9.4,,0.04298393730308743
2.989827,0.0330095355228188,0.9851316050481506,26375,28,9.45,,0.02097078647561184
2.989827,0.0330095355228188,0.9851316050481506,26375,28,9.5,,0.01
2.989827,0.0330095355228188,0.9851316050481506,26375,28,9.55,,0.01
2.989827,0.0330095355228188,0.9851316050481506,26375,28,9.6,,0.01
2.989827,0.0330095355228188,0.9851316050481506,26375,28,9.65,,0.01
2.989827,0.0330095355228188,0.9851316050481506,26375,28,9.7,,0.01
2.989827,0.0330095355228188,0.9851316050481506,26375,28,9.75,,0.01
2.989827,0.0330095355228188,0.9851316050481506,26375,28,9.8,,0.01
2.989827,0.0330095355228188,0.9851316050481506,26375,28,9.85,,0.01
2.989827,0.0330095355228188,0.9851316050481506,26375,28,9.9,,0.01
2.989827,0.0330095355228188,0.9851316050481506,26375,28,9.95,,0.019042890185127077
