point_id,Q1,supplied_std,supplied_ac,window_end,horizon,survived,min_voltage,first_threshold_step,recovered_after_crossing,tail_mean,reproduced_std,reproduced_ac
single_00,2.989685630692163,0.031607120799,0.9833993565326999,9500,10000,True,0.7753332655378676,-1,False,0.8425926210776445,0.03164134890534588,0.9835374952493326
single_01,2.989688080697643,0.0316314253938974,0.9834293773230658,9500,10000,True,0.774982490897479,-1,False,0.8425415713095212,0.03164224910811664,0.9835828898763969
single_02,2.9896905307031223,0.0316557299887948,0.9834593981134315,9500,10000,True,0.7742691092192,-1,False,0.8382606165920932,0.03169990600902815,0.9835892099778618
single_03,2.989692980708602,0.0316800345836923,0.9834894189037975,9500,10000,True,0.7736926539475752,-1,False,0.8390519877640884,0.031767435501095315,0.9836152309551152
single_04,2.9896954307140815,0.0317043391785897,0.9835194396941632,9500,10000,True,0.7735517744491686,-1,False,0.8422888604778196,0.031735311373856906,0.9835721051123715
single_05,2.989697880719561,0.0317286437734871,0.983549460484529,9500,10000,True,0.7728834311332773,-1,False,0.8422487342474742,0.0317424913780157,0.9835379407913232
single_06,2.9897003307250407,0.0317529483683846,0.9835794812748949,9500,10000,True,0.7726350227976253,-1,False,0.8349982114134312,0.03172319164916021,0.9834176808747198
single_07,2.9897027807305196,0.031777252963282,0.9836095020652607,9500,10000,True,0.771885994957659,-1,False,0.8418449495796665,0.031829184100609316,0.983602539465634
single_08,2.9897052307359995,0.0318015575581794,0.9836395228556265,9500,10000,True,0.7717071376697955,-1,False,0.8446262923034457,0.031896274761248566,0.9837667073666623
single_09,2.989707680741479,0.0318258621530769,0.9836695436459924,9500,10000,True,0.7715153898702859,-1,False,0.8418944740248855,0.031927060569630045,0.9837874702502374
single_10,2.9897101307469587,0.0318501667479743,0.9836995644363582,9500,10000,True,0.7714216086147533,-1,False,0.8409398973488007,0.03192089586911938,0.9837073196314977
single_11,2.989712580752438,0.0318744713428717,0.9837295852267239,9500,10000,True,0.7709283904650203,-1,False,0.8423077016088321,0.03197927610224285,0.9837314436598007
single_12,2.9897150307579174,0.0318987759377692,0.9837596060170899,9500,10000,True,0.7704341422914122,-1,False,0.8413189338329401,0.031985733830809035,0.9838372292301224
single_13,2.9897174807633973,0.0319230805326666,0.9837896268074556,9500,10000,True,0.770614253812927,-1,False,0.8373929028057558,0.032134084966542346,0.984033985599654
single_14,2.989719930768876,0.0319473851275641,0.9838196475978215,9500,10000,True,0.7702448812699461,-1,False,0.8416149011561707,0.0320395867020834,0.9840354715235728
single_15,2.989722380774356,0.0319716897224615,0.9838496683881873,9500,10000,True,0.7702246470900146,-1,False,0.8419712904983505,0.03205016279009797,0.9840317658803285
single_16,2.9897248307798354,0.0319959943173589,0.9838796891785531,9500,10000,True,0.7695638686571319,-1,False,0.8411016026114986,0.032134147708087535,0.9840968718839981
single_17,2.9897272807853152,0.0320202989122564,0.983909709968919,9500,10000,True,0.7695399816051749,-1,False,0.8449973430358724,0.032033046653687294,0.9839838883813724
single_18,2.989729730790794,0.0320446035071538,0.9839397307592848,9500,10000,True,0.769146147045823,-1,False,0.8411072014014551,0.03207362630889941,0.984001492127046
single_19,2.989732180796274,0.0320689081020512,0.9839697515496506,9500,10000,True,0.7689601624462423,-1,False,0.8371831241078399,0.03209252189731133,0.9839906413997046
single_20,2.989734630801754,0.0320932126969487,0.9839997723400165,9500,10000,True,0.7686125712279258,-1,False,0.8321574850416633,0.032204132019489365,0.9842011557135012
single_21,2.9897370808072328,0.0321175172918461,0.9840297931303822,9500,10000,True,0.7687920498394942,-1,False,0.8438092595818807,0.03218933815971879,0.9841546997176182
single_22,2.9897395308127126,0.0321418218867435,0.984059813920748,9500,10000,True,0.7691315805396876,-1,False,0.8417808116532025,0.03213853301015678,0.9840635158096537
single_23,2.989741980818192,0.032166126481641,0.9840898347111139,9500,10000,True,0.768668391917925,-1,False,0.8416449209085067,0.032222821058517474,0.9841988526562874
single_24,2.989744430823672,0.0321904310765384,0.9841198555014797,9500,10000,True,0.7686017564000037,-1,False,0.8444617077693288,0.032377229309096575,0.9844122649852898
single_25,2.989746880829151,0.0322147356714359,0.9841498762918456,9500,10000,True,0.7684657131041834,-1,False,0.8407688077685185,0.03231882509477344,0.9842975095447224
single_26,2.9897493308346306,0.0322390402663333,0.9841798970822114,9500,10000,True,0.7683416890844482,-1,False,0.8416047750449924,0.032069620988119274,0.9839057821924082
single_27,2.9897517808401104,0.0322633448612307,0.9842099178725772,9500,10000,True,0.7681555787642725,-1,False,0.8404033666014773,0.03229742825203632,0.9842707709015153
single_28,2.9897542308455898,0.0322876494561282,0.9842399386629431,9500,10000,True,0.7681249189951451,-1,False,0.8415941564975323,0.032338500615171,0.9843449543624128
single_29,2.989756680851069,0.0323119540510256,0.9842699594533089,9500,10000,True,0.7680331584643115,-1,False,0.8410910002932295,0.0323169561675162,0.9843134856436951
single_30,2.9897591308565485,0.032336258645923,0.9842999802436746,9500,10000,True,0.7679558476959023,-1,False,0.8378105856140597,0.03235283955679381,0.98438215604049
single_31,2.9897615808620284,0.0323605632408205,0.9843300010340406,9500,10000,True,0.7677897661227303,-1,False,0.8372772598642082,0.032408102684112365,0.9843328248361584
single_32,2.9897640308675077,0.0323848678357179,0.9843600218244063,9500,10000,True,0.7674748840094452,-1,False,0.8396422966159572,0.03220211044333641,0.9841229538137856
single_33,2.989766480872987,0.0324091724306153,0.9843900426147721,9500,10000,True,0.7670952790394387,-1,False,0.8403014647298025,0.03237683929070063,0.9844134704508528
single_34,2.989768930878467,0.0324334770255128,0.984420063405138,9500,10000,True,0.767136202866002,-1,False,0.8408789702335965,0.03241259081873659,0.9844856570574728
single_35,2.9897713808839463,0.0324577816204102,0.9844500841955038,9500,10000,True,0.76695378345918,-1,False,0.842293876916357,0.03239002445348207,0.9844207369133232
single_36,2.9897738308894257,0.0324820862153076,0.9844801049858696,9500,10000,True,0.7664327939195053,-1,False,0.842244701989106,0.03241906709353308,0.9844074709428785
single_37,2.989776280894905,0.0325063908102051,0.9845101257762355,9500,10000,True,0.7667956852388067,-1,False,0.8420473617778093,0.032381383031161615,0.984371668494953
single_38,2.989778730900385,0.0325306954051025,0.9845401465666013,9500,10000,True,0.7649554011687394,-1,False,0.8409880044112475,0.032552816739491994,0.9847005569739662
single_39,2.9897811809058643,0.032555,0.9845701673569671,9500,10000,True,0.765086602346805,-1,False,0.8396348646949009,0.03326132446822735,0.9856252270580396
