K,n,gt_rate,S_int_mean,parameter_bin,plotted,raw_fitted_value,raw_fit_residual
0.19,20,0.0,0.1798759031080609,0,True,0.18063320475614422,-0.000757301648083325
0.1905,20,0.0,0.1781780474251101,0,True,0.18116210954599318,-0.002984062120883091
0.1915,20,0.0,0.1834132370134963,0,True,0.18221991912569113,0.001193317887805162
0.1925,20,0.0,0.1849775182256812,0,True,0.18327772870538905,0.0016997895202921498
0.193,20,0.0,0.1852188946375503,0,True,0.18380663349523804,0.001412261142312271
0.1935,20,0.0,0.1869917815508337,0,True,0.184335538285087,0.002656243265746705
0.194,20,0.0,0.1833207570623392,0,True,0.18486444307493596,-0.0015436860125967733
0.196,20,0.0,0.18905743430857,0,True,0.18698006223433183,0.002077372074238165
0.197,20,0.0,0.1875290226446287,1,True,0.18803787181402976,-0.0005088491694010544
0.199,20,0.0,0.1866915090260892,1,True,0.19015349097342563,-0.0034619819473364344
0.2005,20,0.0,0.1933841153625664,1,True,0.19174020534297254,0.0016439100195938527
0.201,20,0.0,0.1938971468049579,1,True,0.1922691101328215,0.0016280366721364015
0.20125,20,0.0,0.1935711865344205,1,True,0.192533562527746,0.0010376240066744813
0.2015,20,0.0,0.1906434102100154,1,True,0.19279801492267049,-0.0021546047126550782
0.2035,20,0.0,0.1930211270972241,1,True,0.19491363408206633,-0.0018925069848422238
0.204,20,0.0,0.1960744606684021,1,True,0.1954425388719153,0.0006319217964868007
0.205,20,0.0,0.1977762603340991,2,True,0.1965003484516132,0.0012759118824858806
0.2055,20,0.0,0.1974539269361377,2,True,0.19702925324146217,0.00042467369467552585
0.2065,20,0.0,0.1977573154626699,2,True,0.19808706282116012,-0.00032974735849022885
0.2085,20,0.0,0.2018209712257773,2,True,0.200202681980556,0.0016182892452213105
0.20875,20,0.0,0.1996041433417643,2,True,0.20046713437548047,-0.0008629910337161761
0.2095,20,0.0,0.2017916625412365,2,True,0.2012604915602539,0.0005311709809825982
0.2105,20,0.0,0.2039707228449572,2,True,0.20231830113995186,0.001652421705005347
0.211,20,0.0,0.2041275468014016,2,True,0.20284720592980082,0.0012803408716007825
0.2115,20,0.0,0.1994695564140909,3,True,0.20337611071964978,-0.00390655430555889
0.212,20,0.0,0.2007744032009456,3,True,0.20390501550949877,-0.00313061230855316
0.213,20,0.0,0.2033602536741026,3,True,0.2049628250891967,-0.001602571415094095
0.2135,20,0.0,0.2078861048015961,3,True,0.20549172987904565,0.0023943749225504574
0.2145,20,0.0,0.2026387751612615,3,True,0.2065495394587436,-0.0039107642974821055
0.21625,20,0.0,0.2090813150706799,3,True,0.208400706223215,0.000680608847464903
0.2165,20,0.0,0.2061892048020628,3,True,0.20866515861813947,-0.0024759538160766814
0.217,20,0.0,0.2079561509166825,3,True,0.20919406340798843,-0.001237912491305948
0.218,20,0.0,0.2102269886946116,4,True,0.21025187298768636,-2.48842930747617e-05
0.2185,20,0.0,0.21124384338423,4,True,0.21078077777753534,0.00046306560669465147
0.22,20,0.0,0.2124162135631813,4,True,0.21236749214708223,4.8721416099073434e-05
0.2205,20,0.0,0.2164201577689964,4,True,0.21289639693693121,0.0035237608320651814
0.2215,20,0.0,0.2163161451264965,4,True,0.21395420651662914,0.002361938609867359
0.222,20,0.0,0.2152461754110893,4,True,0.2144831113064781,0.0007630641046112163
0.2225,20,0.0,0.2178355276711681,4,True,0.21501201609632709,0.002823511574841009
0.2235,20,0.0,0.2130324789117252,4,True,0.216069825676025,-0.003037346764299814
