supplied_stat,equivalent_parameter,original_query_parameter,rate,n_members,new_evaluation,condition_index,cached,S_out,warmup_source_K
0.1806332047561442,0.19,0.2126637076114739,0.0,20,False,0.0,True,,
0.18747785497771913,0.19647058823529415,0.21581524915992545,0.0,20,,,True,0.055293550276502006,0.218
0.19432250519929398,0.20294117647058824,0.218966790708377,0.0,20,,,True,0.0561546626890638,0.218
0.20116715542086885,0.20941176470588238,0.22211833225682853,0.0,20,,,True,0.057015775101625595,0.221
0.2080118056424437,0.21588235294117647,0.22526987380528007,0.0,20,,,True,0.05787688751418739,0.226
0.21485645586401858,0.22235294117647061,0.2284214153537316,0.0,20,,,True,0.05873799992674918,0.229
0.22170110608559343,0.2288235294117647,0.23157295690218307,0.0,20,,,True,0.05959911233931097,0.232
0.2285457563071683,0.23529411764705885,0.23472449845063464,0.0,20,,,True,0.060460224751872765,0.232
0.23539040652874316,0.24176470588235294,0.23787603999908616,1.0,20,,,True,0.06132133716443456,0.232
0.24223505675031803,0.24823529411764708,0.24102758154753773,1.0,20,,,True,0.062182449576996354,0.232
0.2490797069718929,0.2547058823529412,0.2441791230959893,1.0,20,,,True,0.06304356198955816,0.232
0.25592435719346773,0.2611764705882353,0.2473306646444408,1.0,20,,,True,0.06390467440211994,0.232
0.2627690074150426,0.2676470588235294,0.25048220619289235,1.0,20,,,True,0.06476578681468174,0.232
0.2696136576366175,0.2741176470588235,0.2536337477413439,1.0,20,,,True,0.06562689922724353,0.232
0.27645830785819236,0.28058823529411764,0.25678528928979544,1.0,20,,,True,0.06648801163980533,0.232
0.28330295807976724,0.2870588235294118,0.2599368308382469,1.0,20,,,True,0.06734912405236712,0.232
0.29014760830134206,0.29352941176470587,0.26308837238669847,1.0,20,,,True,0.06821023646492891,0.232
0.2969922585229169,0.3,0.2662399139351499,1.0,20,False,55.0,True,,
