supplied_std,supplied_secondary_stat,reproduced_std,reproduced_secondary_stat,status,estimated_parameter,n_prediction_steps
0.1213373564058279,0.5051459864839736,0.1200239689405959,0.5030031120248241,survived,0.973521468672383,2000
0.1216770073256704,0.5054998192338354,0.1208440520659732,0.5046285983949858,survived,0.9741859319555736,2000
0.1220166582455129,0.5058536519836971,0.1200550398260202,0.5032543281182918,survived,0.9748503952387638,2000
0.1223563091653554,0.506207484733559,0.1222096445006895,0.50655262969886,survived,0.9755148585219544,2000
0.1226959600851979,0.5065613174834208,0.1221507747562035,0.5056138032820742,survived,0.9761793218051448,2000
0.1230356110050404,0.5069151502332827,0.1224556146381545,0.5066966591415986,survived,0.9768437850883352,2000
0.1233752619248829,0.5072689829831445,0.1219068686960256,0.5066496335407547,survived,0.9775082483715256,2000
0.1237149128447254,0.5076228157330063,0.122493329266843,0.507201983527644,survived,0.978172711654716,2000
0.1240545637645679,0.5079766484828682,0.1235726148499127,0.5071450265283977,survived,0.9788371749379065,2000
0.1243942146844104,0.5083304812327301,0.1245368315223414,0.5085843865363371,survived,0.9795016382210968,2000
0.1247338656042529,0.5086843139825918,0.1250275465774742,0.510967715093116,survived,0.9801661015042872,2000
0.1250735165240954,0.5090381467324536,0.125263053132592,0.5107113991325689,survived,0.9808305647874777,2000
0.1257528183637804,0.5097458122321773,0.1428807420198252,0.5496540933128208,survived,0.9821594913538584,2000
0.1260924692836229,0.5100996449820392,0.1479793427663905,0.5493358234118598,survived,0.9828239546370487,2000
0.1264321202034654,0.510453477731901,0.1276368632720947,0.5132903292475397,survived,0.9834884179202392,2000
0.1267717711233079,0.5108073104817629,0.1248932992953045,0.5084007863319714,survived,0.9841528812034296,2000
0.1271114220431504,0.5111611432316246,0.1289532152676713,0.5137066191328689,survived,0.9848173444866202,2000
0.127451072962993,0.5115149759814865,0.1366024286036994,0.5479374940939178,survived,0.9854818077698104,2000
0.1277907238828355,0.5118688087313483,0.1287386264347362,0.5143659168719085,survived,0.986146271053001,2000
0.128130374802678,0.5122226414812101,0.1283346458706028,0.5127488069503027,survived,0.9868107343361914,2000
0.1284700257225205,0.512576474231072,0.1292983574064892,0.5132729768723427,survived,0.987475197619382,2000
0.128809676642363,0.5129303069809338,0.1292624351023801,0.5118430138734514,survived,0.9881396609025722,2000
0.1291493275622055,0.5132841397307957,0.1298035902437627,0.512832542091785,survived,0.9888041241857628,2000
0.129488978482048,0.5136379724806575,0.130265301526075,0.5130274235358246,survived,0.989468587468953,2000
0.1298286294018905,0.5139918052305193,0.1307840697637901,0.5115982211503737,survived,0.9901330507521436,2000
0.130168280321733,0.5143456379803811,0.1300373719298339,0.511702781296433,survived,0.990797514035334,2000
0.1305079312415755,0.514699470730243,0.1320303451337143,0.5130505096543858,survived,0.9914619773185244,2000
0.130847582161418,0.5150533034801048,0.1335327832141556,0.5131813548851469,survived,0.9921264406017148,2000
0.1311872330812605,0.5154071362299666,0.1329233274404155,0.5128840992849907,survived,0.9927909038849052,2000
0.131526884001103,0.5157609689798285,0.1333279755388077,0.5132335191926419,survived,0.9934553671680956,2000
0.1318665349209455,0.5161148017296904,0.133961553561938,0.5145295649822554,survived,0.994119830451286,2000
0.132206185840788,0.5164686344795522,0.1334677728621627,0.5124948903718978,survived,0.9947842937344764,2000
0.1325458367606305,0.5168224672294139,0.1323880745514856,0.5084412046354345,survived,0.9954487570176668,2000
0.132885487680473,0.5171762999792758,0.1335841365382766,0.5112000397913893,survived,0.9961132203008572,2000
0.1332251386003155,0.5175301327291376,0.1343066395222771,0.5108249053940846,survived,0.9967776835840476,2000
0.133564789520158,0.5178839654789995,0.1313708642186239,0.5072241314696093,survived,0.997442146867238,2000
0.1339044404400005,0.5182377982288613,0.1314432875086242,0.5071288267254656,survived,0.9981066101504286,2000
0.134244091359843,0.5185916309787231,0.1320404349980656,0.507915368878741,survived,0.9987710734336188,2000
0.1345837422796856,0.518945463728585,0.1330480656556975,0.5089841885206826,survived,0.9994355367168094,2000
0.1349233931995281,0.5192992964784469,0.1325660984214938,0.508402704698752,survived,1.0000999999999998,2000
