member,warmup_end,source_parameter,secondary_stat,survived,min_voltage,first_threshold_step,recovered_after_crossing,tail_mean,reproduced_std,reproduced_ac,supplied_stat,equivalent_parameter,original_query_parameter,new_evaluation
0,5269,2.989755,0.9843190164175354,True,0.7679421317421316,-1,False,0.8416452000866169,0.0322155338537708,0.9843532440849123,0.03235167018201,2.98976,2.9897624567188554,True
1,9606,2.989755,0.9843190164175354,True,0.7683833919541201,-1,False,0.8389625096830073,0.03232847105136151,0.9839483337394164,0.03235167018201,2.98976,2.9897624567188554,True
2,6979,2.989755,0.9843190164175354,True,0.769447371492919,-1,False,0.8383717689476206,0.03252095285299786,0.9847903173799009,0.03235167018201,2.98976,2.9897624567188554,True
3,4631,2.989755,0.9843190164175354,True,0.7680838889098284,-1,False,0.8441648594409634,0.03239858642466503,0.9847385673921999,0.03235167018201,2.98976,2.9897624567188554,True
4,884,2.989755,0.9843190164175354,True,0.768911865022458,-1,False,0.8429942631661254,0.03222441396326641,0.9841669999307682,0.03235167018201,2.98976,2.9897624567188554,True
5,6578,2.989755,0.9843190164175354,True,0.7680087858387833,-1,False,0.842418122366514,0.03232620636309363,0.9842195801586038,0.03235167018201,2.98976,2.9897624567188554,True
6,969,2.989755,0.9843190164175354,True,0.7679661063253577,-1,False,0.8412085380800178,0.032528459329522696,0.9845194433548707,0.03235167018201,2.98976,2.9897624567188554,True
7,214,2.989755,0.9843190164175354,True,0.7679563622740002,-1,False,0.8408657799180961,0.032155502495655366,0.9838676389643222,0.03235167018201,2.98976,2.9897624567188554,True
8,7296,2.989755,0.9843190164175354,True,0.7704558525042879,-1,False,0.8423081428311534,0.03223596795090648,0.9842144240761606,0.03235167018201,2.98976,2.9897624567188554,True
9,7494,2.989755,0.9843190164175354,True,0.7686524664651303,-1,False,0.8396664921656414,0.03237489259956584,0.9848200976311517,0.03235167018201,2.98976,2.9897624567188554,True
10,9256,2.989755,0.9843190164175354,False,0.01,31,True,0.84233708430131,,,0.03235167018201,2.98976,2.9897624567188554,True
11,1269,2.989755,0.9843190164175354,True,0.7693919592413042,-1,False,0.8413051696563743,0.031990018357899073,0.9834225459686347,0.03235167018201,2.98976,2.9897624567188554,True
12,5945,2.989755,0.9843190164175354,True,0.7620995645577965,-1,False,0.8444505623672631,0.03256850397391425,0.9846135367907747,0.03235167018201,2.98976,2.9897624567188554,True
13,1064,2.989755,0.9843190164175354,True,0.7675090999413056,-1,False,0.8445549361341399,0.0321064775423435,0.9836421580400765,0.03235167018201,2.98976,2.9897624567188554,True
14,750,2.989755,0.9843190164175354,True,0.7685109101114073,-1,False,0.8432168963387353,0.03241958787871202,0.9840606385499081,0.03235167018201,2.98976,2.9897624567188554,True
15,3285,2.989755,0.9843190164175354,True,0.7642832749278754,-1,False,0.8415281948785396,0.032395452770588654,0.9846544307822914,0.03235167018201,2.98976,2.9897624567188554,True
16,9787,2.989755,0.9843190164175354,True,0.7683696785318996,-1,False,0.8386443271691393,0.032397632766361456,0.9842906861737212,0.03235167018201,2.98976,2.9897624567188554,True
17,4759,2.989755,0.9843190164175354,True,0.7610006741337292,-1,False,0.8422596843068864,0.03248185949869444,0.9847291922445321,0.03235167018201,2.98976,2.9897624567188554,True
18,176,2.989755,0.9843190164175354,True,0.7681933432026863,-1,False,0.8411779953293782,0.03230645206413025,0.9841830643155278,0.03235167018201,2.98976,2.9897624567188554,True
19,4649,2.989755,0.9843190164175354,True,0.7682078382459565,-1,False,0.8415044530559063,0.03238911358718118,0.9845642697712744,0.03235167018201,2.98976,2.9897624567188554,True
20,1087,2.989755,0.9843190164175354,True,0.7693801185290611,-1,False,0.8415109554087463,0.03232796599430415,0.9846322860239911,0.03235167018201,2.98976,2.9897624567188554,True
21,2336,2.989755,0.9843190164175354,True,0.7677295330157573,-1,False,0.8321236908593435,0.03258251992150306,0.9837293842536112,0.03235167018201,2.98976,2.9897624567188554,True
22,3605,2.989755,0.9843190164175354,True,0.7679394045557781,-1,False,0.836313467304734,0.032576945190692826,0.984840687379329,0.03235167018201,2.98976,2.9897624567188554,True
23,1834,2.989755,0.9843190164175354,True,0.7677228743166352,-1,False,0.836358045203113,0.03266133026175094,0.9846530619704066,0.03235167018201,2.98976,2.9897624567188554,True
24,4994,2.989755,0.9843190164175354,True,0.7685757581601512,-1,False,0.8435634111179389,0.03240909221920701,0.9846063250434877,0.03235167018201,2.98976,2.9897624567188554,True
25,6291,2.989755,0.9843190164175354,False,0.01,83,True,0.8397386147601681,,,0.03235167018201,2.98976,2.9897624567188554,True
26,3793,2.989755,0.9843190164175354,True,0.7717632419355157,-1,False,0.8402871870328287,0.03202257633488269,0.984087246977909,0.03235167018201,2.98976,2.9897624567188554,True
27,3264,2.989755,0.9843190164175354,True,0.768889007683986,-1,False,0.8377076375749073,0.03225299532022581,0.9841573649013834,0.03235167018201,2.98976,2.9897624567188554,True
28,359,2.989755,0.9843190164175354,True,0.767983226681802,-1,False,0.8428176400520444,0.032311789037750595,0.9846498607584004,0.03235167018201,2.98976,2.9897624567188554,True
29,4247,2.989755,0.9843190164175354,True,0.7691374924002323,-1,False,0.841235096123269,0.03233905884586281,0.9845027203142522,0.03235167018201,2.98976,2.9897624567188554,True
30,7034,2.989755,0.9843190164175354,True,0.7680827669343345,-1,False,0.8394911753918985,0.032567830615812206,0.9845842223482706,0.03235167018201,2.98976,2.9897624567188554,True
31,5807,2.989755,0.9843190164175354,True,0.7683452207857284,-1,False,0.8354372742606233,0.0323870671501496,0.9842905596464594,0.03235167018201,2.98976,2.9897624567188554,True
32,3507,2.989755,0.9843190164175354,True,0.7702977813164534,-1,False,0.8392347221447047,0.03227237741505018,0.9844360085119426,0.03235167018201,2.98976,2.9897624567188554,True
33,2363,2.989755,0.9843190164175354,True,0.7676048557856394,-1,False,0.8415030298538578,0.032348305604881875,0.9846013863470872,0.03235167018201,2.98976,2.9897624567188554,True
34,700,2.989755,0.9843190164175354,True,0.767807736521359,-1,False,0.8418048139227438,0.03232487922058268,0.9848281458839779,0.03235167018201,2.98976,2.9897624567188554,True
35,8193,2.989755,0.9843190164175354,True,0.7686505094770143,-1,False,0.842842252710392,0.03244106041521308,0.9842676292301101,0.03235167018201,2.98976,2.9897624567188554,True
36,4198,2.989755,0.9843190164175354,True,0.7687510487149964,-1,False,0.8421743368034535,0.032053942828239604,0.9845563324120029,0.03235167018201,2.98976,2.9897624567188554,True
37,8315,2.989755,0.9843190164175354,True,0.7675738672751736,-1,False,0.8452037251902768,0.032680961293173175,0.9849768095240383,0.03235167018201,2.98976,2.9897624567188554,True
38,3552,2.989755,0.9843190164175354,True,0.7697094205595568,-1,False,0.8417440031825122,0.032246873384871984,0.9844019205890809,0.03235167018201,2.98976,2.9897624567188554,True
39,6233,2.989755,0.9843190164175354,True,0.7689494306259826,-1,False,0.8416189954099326,0.032317662499801635,0.9845828275714972,0.03235167018201,2.98976,2.9897624567188554,True
40,5166,2.989755,0.9843190164175354,True,0.7681960116502838,-1,False,0.8428969442712979,0.03213318255988199,0.9841078063047289,0.03235167018201,2.98976,2.9897624567188554,True
41,9108,2.989755,0.9843190164175354,True,0.7683038414286761,-1,False,0.8425459270950436,0.03216563132683674,0.9844831257953561,0.03235167018201,2.98976,2.9897624567188554,True
42,6986,2.989755,0.9843190164175354,True,0.7693739377293647,-1,False,0.8385906125892493,0.032339262330908135,0.9844680840978478,0.03235167018201,2.98976,2.9897624567188554,True
43,108,2.989755,0.9843190164175354,True,0.7693999718126923,-1,False,0.8336079864630925,0.032132900856035984,0.9841315746640177,0.03235167018201,2.98976,2.9897624567188554,True
44,4748,2.989755,0.9843190164175354,True,0.7604599031561078,-1,False,0.8412102333383149,0.03236201297336679,0.9845006865279632,0.03235167018201,2.98976,2.9897624567188554,True
45,1544,2.989755,0.9843190164175354,True,0.7679137086189033,-1,False,0.8387815659669626,0.03240883424714599,0.9843580275348285,0.03235167018201,2.98976,2.9897624567188554,True
46,5096,2.989755,0.9843190164175354,True,0.7680179721714677,-1,False,0.8424218745649662,0.032298225895467374,0.9844103389440033,0.03235167018201,2.98976,2.9897624567188554,True
47,3864,2.989755,0.9843190164175354,True,0.7693471584936825,-1,False,0.8423845660239713,0.03210561681944948,0.9839827812531556,0.03235167018201,2.98976,2.9897624567188554,True
48,5945,2.989755,0.9843190164175354,True,0.7620995645577965,-1,False,0.8444505623672631,0.03256850397391425,0.9846135367907747,0.03235167018201,2.98976,2.9897624567188554,True
49,5911,2.989755,0.9843190164175354,True,0.7692433183135545,-1,False,0.83914963630812,0.03240081970829277,0.984627332967369,0.03235167018201,2.98976,2.9897624567188554,True
