actual_parameter,plotted_stat,rate,n_members
2.98962,0.030830873853741697,0.7000000000000001,50
2.98963,0.03093950216290443,0.74,50
2.98964,0.03104813047206716,0.78,50
2.98965,0.031156758781229893,0.78,50
2.98966,0.03126538709039262,0.78,50
2.98967,0.03137401539955053,0.84,50
2.98968,0.03148264370871326,0.84,50
2.98969,0.031591272017875996,0.78,50
2.9897,0.031699900327038726,0.78,50
2.98971,0.031808528636201455,0.76,50
2.98972,0.031917156945364185,0.72,50
2.98973,0.03202578525452692,0.72,50
2.98974,0.03213441356368483,0.74,50
2.98975,0.03224304187284756,0.78,50
2.98976,0.03235167018201029,0.8,50
2.98977,0.03246029849117302,0.84,50
2.98978,0.032568926800335754,0.86,50
2.98979,0.032677555109498484,0.86,50
2.9898,0.03278618341865639,0.86,50
2.98981,0.03289481172781912,0.8200000000000001,50
2.98982,0.03300344003698185,0.88,50
2.98983,0.03311206834614459,0.14,50
2.98984,0.033220696655307316,0.04,50
2.98985,0.033329324964470046,0.04,50
2.9898599999999997,0.03343795327362795,0.0,50
2.98987,0.03354658158279068,0.0,50
2.98988,0.03365520989195342,0.0,50
2.98989,0.03376383820111615,0.0,50
2.9899,0.03387246651027888,0.0,50
2.98991,0.03398109481944161,0.0,50
2.98992,0.034089723128604345,0.0,50
2.98993,0.034198351437767074,0.0,50
2.98994,0.03430697974692498,0.0,50
2.98995,0.03441560805608771,0.0,50
2.98996,0.03452423636525044,0.0,50
