supplied_stat,equivalent_parameter,original_query_parameter,rate,n_members,new_evaluation,condition_index
0.030830873853741697,2.98962,2.9896058722991836,1.0,50,True,0
0.03093950216290372,2.98963,2.989617056900589,1.0,50,True,1
0.03104813047206574,2.98964,2.9896282415019937,1.0,50,True,2
0.031156758781227763,2.98965,2.989639426103399,1.0,50,True,3
0.031265387090389785,2.9896599999999998,2.989650610704804,1.0,50,True,4
0.031374015399551806,2.98967,2.9896617953062092,1.0,50,True,5
0.03148264370871383,2.98968,2.9896729799076143,1.0,50,True,6
0.03159127201787585,2.98969,2.9896841645090197,1.0,50,True,7
0.03169990032703787,2.9897,2.989695349110425,1.0,50,True,8
0.031808528636199894,2.98971,2.98970653371183,1.0,50,True,9
0.031917156945361916,2.98972,2.989717718313235,1.0,50,True,10
0.03202578525452394,2.9897299999999998,2.9897289029146403,0.94,50,True,11
0.03213441356368596,2.98974,2.989740087516045,0.98,50,True,12
0.03224304187284798,2.98975,2.9897512721174504,0.96,50,True,13
0.03235167018201,2.98976,2.9897624567188554,0.96,50,True,14
0.032460298491172025,2.98977,2.9897736413202605,0.9,50,True,15
0.03256892680033405,2.98978,2.9897848259216655,0.98,50,True,16
0.03267755510949607,2.98979,2.989796010523071,0.92,50,True,17
0.03278618341865809,2.9898,2.989807195124476,0.12,50,True,18
0.03289481172782011,2.98981,2.989818379725881,0.0,50,True,19
0.033003440036982135,2.98982,2.989829564327286,0.0,50,True,20
0.033112068346144156,2.98983,2.9898407489286916,0.0,50,True,21
0.03322069665530618,2.98984,2.989851933530096,0.0,50,True,22
0.0333293249644682,2.98985,2.9898631181315016,0.0,50,True,23
0.03343795327363022,2.9898599999999997,2.9898743027329067,0.0,50,True,24
0.033546581582792244,2.98987,2.9898854873343117,0.0,50,True,25
0.033655209891954266,2.98988,2.9898966719357167,0.0,50,True,26
0.03376383820111629,2.98989,2.989907856537122,0.0,50,True,27
0.03387246651027831,2.9899,2.989919041138527,0.0,50,True,28
0.03398109481944033,2.98991,2.9899302257399323,0.0,50,True,29
0.03408972312860235,2.98992,2.9899414103413373,0.0,50,True,30
0.034198351437764375,2.9899299999999998,2.9899525949427423,0.0,50,True,31
0.0343069797469264,2.98994,2.9899637795441474,0.0,50,True,32
0.03441560805608842,2.98995,2.989974964145553,0.0,50,True,33
0.03452423636525044,2.98996,2.989986148746958,0.0,50,True,34
