system,point_id,parameter,role,seed,survived,raw_std,raw_secondary,n_samples,parameter_bin,plotted,raw_fitted_value,raw_fit_residual
food_chain,7,0.9741428571428572,sweep,43,True,0.1219101711705649,0.508219944570876,2000,0,False,0.11850500993828456,0.0034051612322803376
food_chain,2,0.974185932,sweep,43,True,0.1217866957710615,0.5084929072252534,2000,0,False,0.11854183902309236,0.0032448567479691492
food_chain,8,0.974734693877551,sweep,43,True,0.1204339636528074,0.5050146891365678,2000,0,True,0.11901103147242757,0.001422932180379824
food_chain,3,0.9748503952,sweep,43,True,0.1204712901604074,0.5051324708900349,2000,0,True,0.11910995632324535,0.0013613338371620542
food_chain,9,0.9753265306122448,sweep,43,True,0.1218861546565503,0.507691303345441,2000,0,False,0.11951705300657069,0.0023691016499796103
food_chain,4,0.9755148585,sweep,43,True,0.1215696423755372,0.5080739499920288,2000,0,False,0.11967807370889846,0.0018915686666387405
food_chain,10,0.9759183673469388,sweep,43,True,0.1214586885363989,0.5068819936060797,2000,0,True,0.1200230745407139,0.001435613995685009
food_chain,5,0.9761793218,sweep,43,True,0.1216855747297368,0.5081558056486575,2000,0,False,0.12024619109455166,0.001439383635185143
food_chain,11,0.9765102040816326,sweep,43,True,0.1207819953909666,0.5056402459658318,2000,0,True,0.12052909607485691,0.00025289931610968097
food_chain,6,0.9768437851,sweep,43,True,0.1206206032086363,0.50285811056401,2000,0,True,0.12081430848020486,-0.00019370527156856165
food_chain,12,0.9771020408163263,sweep,43,True,0.1224330444679721,0.5068698447920938,2000,0,True,0.12103511760899993,0.001397926858972165
food_chain,7,0.9775082484,sweep,43,True,0.1194644649303552,0.5027910224741381,2000,1,True,0.12138242586585797,-0.0019179609355027688
food_chain,13,0.9776938775510204,sweep,43,True,0.1196198011485095,0.5039648328266794,2000,1,True,0.12154113914314323,-0.0019213379946337317
food_chain,9,0.9781727117,sweep,43,True,0.1211584037249489,0.5045809207740256,2000,1,True,0.12195054325151117,-0.0007921395265622633
food_chain,14,0.9782857142857144,sweep,43,True,0.1198775729828576,0.5038825870725131,2000,1,False,0.12204716067728644,-0.0021695876944288345
food_chain,10,0.9788371749,sweep,43,True,0.1200390904058377,0.5024367721264643,2000,1,False,0.12251866055166417,-0.0024795701458264763
food_chain,15,0.9788775510204082,sweep,43,True,0.1186606050972367,0.5030636336901918,2000,1,False,0.12255318221142945,-0.0038925771141927606
food_chain,16,0.979469387755102,sweep,43,True,0.1220320801482774,0.5065516048754014,2000,1,True,0.12305920374557247,-0.0010271235972950654
food_chain,11,0.9795016382,sweep,43,True,0.1219056563569265,0.5056262734081365,2000,1,True,0.12308677793731737,-0.0011811215803908676
food_chain,17,0.980061224489796,sweep,43,True,0.1222370286508022,0.5050013824550229,2000,1,True,0.12356522527971578,-0.0013281966289135777
food_chain,13,0.9801661015,sweep,43,True,0.121725411973685,0.5047850021522982,2000,1,False,0.12365489532297057,-0.0019294833492855684
food_chain,18,0.9806530612244898,sweep,43,True,0.1235094166619545,0.5058677243222841,2000,2,True,0.1240712468138588,-0.000561830151904294
food_chain,14,0.9808305648,sweep,43,True,0.1213210155439028,0.5049941371858556,2000,2,False,0.12422301270862367,-0.0029019971647208653
food_chain,19,0.9812448979591836,sweep,43,True,0.1225511884956463,0.5055513026621417,2000,2,False,0.12457726834800181,-0.0020260798523555196
food_chain,20,0.9818367346938776,sweep,43,True,0.1233456460272105,0.5060658552573106,2000,2,False,0.125083289882145,-0.0017376438549345091
food_chain,16,0.9821594914,sweep,43,True,0.1224647592878303,0.5052769249282043,2000,2,False,0.12535924747993007,-0.002894488192099781
food_chain,21,0.9824285714285714,sweep,43,True,0.1251659590354843,0.5072297932381415,2000,2,True,0.12558931141628812,-0.00042335238080382087
food_chain,17,0.9828239546,sweep,43,True,0.1266153397301975,0.509774069091508,2000,2,True,0.12592736478008307,0.0006879749501144394
food_chain,22,0.9830204081632652,sweep,43,True,0.1267679805098371,0.5097346127314483,2000,2,True,0.12609533295043115,0.0006726475594059367
food_chain,1000,0.9832544130316324,sweep,43,True,0.1268985179760621,0.5109165586658996,2000,2,True,0.12629540755808352,0.0006031104179785862
food_chain,18,0.9834884179,sweep,43,True,0.1270568941923911,0.512022679004926,2000,2,True,0.12649548216573617,0.0005614120266549394
food_chain,23,0.9836122448979592,sweep,43,True,0.1270753406353507,0.5108699488570102,2000,3,False,0.12660135448457435,0.00047398615077634543
food_chain,1001,0.9837474039734694,sweep,43,True,0.1270116458001494,0.5108551451782453,2000,3,False,0.1267169157512781,0.00029473004887128895
food_chain,1002,0.9838825630489796,sweep,43,True,0.1269463794236898,0.5106604434748133,2000,3,True,0.12683247701798187,0.00011390240570793853
food_chain,1003,0.9840177221244898,sweep,43,True,0.1269231075930234,0.5107771107886158,2000,3,True,0.12694803828468562,-2.4930691662233828e-05
food_chain,19,0.9841528812,sweep,43,True,0.1269310213837975,0.5038587039641064,2000,3,True,0.12706359955138938,-0.00013257816759187913
food_chain,24,0.984204081632653,sweep,43,True,0.1275353204420418,0.51000260118763,2000,3,False,0.12710737601871747,0.00042794442332433347
food_chain,1004,0.9843520408163264,sweep,43,True,0.1277159076015344,0.5106673105955879,2000,3,False,0.12723388140225317,0.0004820261992812269
food_chain,1005,0.9845,sweep,43,True,0.1277308242021761,0.5132557490974425,2000,3,False,0.12736038678578906,0.0003704374163870372
food_chain,1006,0.9846479591836734,sweep,43,True,0.1275395503414549,0.5123896123212716,2000,3,True,0.12748689216932477,5.265817213012669e-05
food_chain,25,0.9847959183673468,sweep,43,True,0.1282763199436085,0.5105557205545069,2000,3,False,0.1276133975528605,0.0006629223907479997
food_chain,20,0.9848173445,sweep,43,True,0.1280727806911749,0.5121779326345378,2000,3,False,0.1276317169370426,0.0004410637541323037
food_chain,1007,0.9849599471505102,sweep,43,True,0.1280549590181419,0.5132100353116076,2000,3,False,0.1277536424745328,0.0003013165436090981
food_chain,1008,0.9851025498010204,sweep,43,True,0.1281046700976999,0.5132791963595177,2000,3,False,0.12787556801202313,0.00022910208567678003
food_chain,1009,0.9852451524515308,sweep,43,True,0.1282219301531059,0.5134951178613198,2000,3,True,0.12799749354951356,0.0002244366035923373
food_chain,26,0.9853877551020408,sweep,43,True,0.1284259879606928,0.5135636503283042,2000,3,False,0.1281194190870037,0.00030656887368910035
food_chain,22,0.9854818078,sweep,43,True,0.129024599770091,0.5122583425226713,2000,3,False,0.12819983432269577,0.000824765447395237
food_chain,1010,0.9857306998183676,sweep,43,True,0.1295565494511419,0.5117262484539152,2000,3,False,0.12841263747192147,0.0011439119792204244
food_chain,27,0.9859795918367348,sweep,43,True,0.1298958670811026,0.5132563378737912,2000,3,False,0.1286254406211469,0.0012704264599557036
food_chain,23,0.9861462711,sweep,43,True,0.1301742243592712,0.5143226684962062,2000,3,False,0.12876795170834887,0.00140627265092233
food_chain,1011,0.9863588498357142,sweep,43,True,0.1298638118060502,0.514300010391787,2000,3,False,0.12894970693181934,0.0009141048742308533
food_chain,28,0.9865714285714284,sweep,43,True,0.1292336627838388,0.5152986695796016,2000,3,True,0.1291314621552898,0.00010220062854898737
food_chain,24,0.9868107343,sweep,43,True,0.1292158497781856,0.5168792412581904,2000,4,True,0.1293360690085019,-0.00012021923031629855
food_chain,1012,0.9869869998030611,sweep,43,True,0.1302887460956908,0.5154644703342407,2000,4,False,0.1294867763489674,0.000801969746723391
food_chain,29,0.9871632653061224,sweep,43,True,0.1307799766927194,0.5164969894728367,2000,4,False,0.12963748368943304,0.0011424930032863656
food_chain,1013,0.9873192314530612,sweep,43,True,0.1308588050661779,0.5152417676982982,2000,4,False,0.12977083504179404,0.0010879700243838497
food_chain,25,0.9874751976,sweep,43,True,0.1314006791391348,0.5164862431821369,2000,4,False,0.12990418639415507,0.0014964927449797327
food_chain,1014,0.9876151498204082,sweep,43,True,0.1304797877313959,0.5163734864658249,2000,4,True,0.13002384580886567,0.00045594192253023413
food_chain,30,0.9877551020408164,sweep,43,True,0.1312019590635273,0.5162372240599672,2000,4,False,0.13014350522357623,0.001058453839951068
food_chain,1015,0.9879473814704084,sweep,43,True,0.1306755047482774,0.5175009024484197,2000,4,True,0.1303079045016924,0.0003676002465849981
food_chain,27,0.9881396609,sweep,43,True,0.1308489475286482,0.5174398746354257,2000,4,True,0.13047230377980829,0.0003766437488399166
food_chain,31,0.9883469387755102,sweep,43,True,0.1303858531642941,0.5168634103587046,2000,4,True,0.13064952675771926,-0.00026367359342516217
food_chain,1016,0.9885755314877552,sweep,43,True,0.1296300332882314,0.5166769411081715,2000,4,False,0.13084497396159045,-0.0012149406733590606
food_chain,28,0.9888041242,sweep,43,True,0.1294039859075854,0.5164415018428926,2000,4,False,0.13104042116546138,-0.00163643525787599
food_chain,32,0.988938775510204,sweep,43,True,0.1299348155485176,0.5148210526227813,2000,4,False,0.13115554829186238,-0.0012207327433447768
food_chain,1017,0.989203681505102,sweep,43,True,0.1311809783016614,0.513085499557238,2000,4,True,0.13138204342148843,-0.00020106511982703745
food_chain,29,0.9894685875,sweep,43,True,0.1308397241307036,0.5139956557713196,2000,4,False,0.1316085385511146,-0.0007688144204109904
food_chain,33,0.989530612244898,sweep,43,True,0.1295841241671098,0.5130190689799107,2000,4,False,0.13166156982600558,-0.0020774456588957824
