K,n,gt_rate,S_int_mean
0.18,20,0.0,0.17375397086108607
0.19,20,0.0,0.17987590310806092
0.1905,20,0.0,0.17817804742511018
0.191,20,0.0,0.1855853638484706
0.1915,20,0.0,0.18341323701349635
0.192,20,0.0,0.1765704172414853
0.1925,20,0.0,0.18497751822568123
0.193,20,0.0,0.1852188946375503
0.1935,20,0.0,0.18699178155083374
0.194,20,0.0,0.1833207570623392
0.1945,20,0.0,0.18972067117064118
0.195,20,0.0,0.1895275945087929
0.1955,20,0.0,0.1900799926411149
0.196,20,0.0,0.18905743430857008
0.1965,20,0.0,0.1909159936653278
0.197,20,0.0,0.1875290226446287
0.1975,20,0.0,0.1968410863439033
0.198,20,0.0,0.19552885026009673
0.1985,20,0.0,0.1845763628396854
0.199,20,0.0,0.18669150902608928
0.1995,20,0.0,0.1967894932050374
0.2,20,0.0,0.19784760213971686
0.2005,20,0.0,0.19338411536256647
0.201,20,0.0,0.19389714680495795
0.20125,20,0.0,0.19357118653442051
0.2015,20,0.0,0.19064341021001543
0.202,20,0.0,0.18940341757078685
0.2025,20,0.0,0.19769102300679725
0.203,20,0.0,0.19801258039059266
0.2035,20,0.0,0.19302112709722413
0.20375,20,0.0,0.20198183891534427
0.204,20,0.0,0.19607446066840212
0.2045,20,0.0,0.199470410660256
0.205,20,0.0,0.19777626033409915
0.2055,20,0.0,0.19745392693613778
0.206,20,0.0,0.2070881275893599
0.20625,20,0.0,0.191505831452429
0.2065,20,0.0,0.1977573154626699
0.207,20,0.0,0.20442356581094243
0.2075,20,0.0,0.20664792878611662
0.208,20,0.0,0.20296952817074665
0.2085,20,0.0,0.2018209712257773
0.20875,20,0.0,0.19960414334176435
0.209,20,0.0,0.19845274915383612
0.2095,20,0.0,0.2017916625412365
0.21,20,0.0,0.20426171734406579
0.2105,20,0.0,0.2039707228449572
0.211,20,0.0,0.20412754680140166
0.21125,20,0.0,0.20822462956595503
0.2115,20,0.0,0.19946955641409098
0.212,20,0.0,0.20077440320094567
0.2125,20,0.0,0.2106727428178241
0.213,20,0.0,0.20336025367410265
0.2135,20,0.0,0.20788610480159614
0.21375,20,0.0,0.20066096308885245
0.214,20,0.0,0.21676995967121324
0.2145,20,0.0,0.20263877516126155
0.215,20,0.05,0.2480198975986793
0.2155,20,0.0,0.19376424963559757
0.216,20,0.0,0.21205842467860303
0.21625,20,0.0,0.2090813150706799
0.2165,20,0.0,0.20618920480206282
0.217,20,0.0,0.20795615091668251
0.2175,20,0.0,0.2170934204557961
0.218,20,0.0,0.21022698869461162
0.2185,20,0.0,0.21124384338423008
0.21875,20,0.0,0.2194072766218854
0.219,20,0.0,0.20674841127535631
0.2195,20,0.05,0.23952084801315537
0.22,20,0.0,0.2124162135631813
0.2205,20,0.0,0.21642015776899645
0.221,20,0.05,0.25084559834645476
0.22125,20,0.0,0.2084852498061624
0.2215,20,0.0,0.21631614512649655
0.222,20,0.0,0.2152461754110893
0.2225,20,0.0,0.2178355276711681
0.223,20,0.0,0.2116059833407958
0.2235,20,0.0,0.21303247891172522
0.22375,20,0.0,0.22335569248219195
0.224,20,0.05,0.25025330413196767
0.2245,20,0.0,0.2116330856614283
0.225,20,0.0,0.23001150571260714
0.2255,20,0.0,0.23973507402777527
0.226,20,0.0,0.22064816112077507
0.22625,20,0.0,0.2237666943010562
0.2265,20,0.05,0.2604367478670917
0.227,20,0.15,0.34036696456268645
0.2275,20,0.05,0.2643137030959547
0.228,20,0.05,0.2598061863116984
0.2285,20,0.0,0.23113390891552638
0.22875,20,0.0,0.23621942349261485
