system,point_id,parameter,role,seed,survived,raw_std,raw_secondary,n_samples
power_system,0,2.989675,sweep,42,True,0.0316252722268147,0.9834241445943936,10000
power_system,0,2.989675,sweep,43,True,0.0317206284629851,0.9836079922666832,10000
power_system,1,2.989676772151898,sweep,42,True,0.0316722970676702,0.9835146116741278,10000
power_system,1,2.989676772151898,sweep,43,True,0.0316960053016042,0.9836181857995152,10000
power_system,2,2.9896785443037976,sweep,42,True,0.031634964395282,0.9834632190143318,10000
power_system,2,2.9896785443037976,sweep,43,True,0.0316582821574738,0.9834662989357482,10000
power_system,3,2.989680316455696,sweep,42,True,0.0316383209459194,0.9834258636338186,10000
power_system,3,2.989680316455696,sweep,43,True,0.0316627484045271,0.9835233185892868,10000
power_system,4,2.989682088607595,sweep,42,True,0.0316059516059384,0.9833892354551018,10000
power_system,4,2.989682088607595,sweep,43,True,0.0316155412032383,0.9834763771072028,10000
power_system,5,2.9896838607594938,sweep,42,True,0.0314821945548713,0.983127914966024,10000
power_system,5,2.9896838607594938,sweep,43,True,0.0315519927328439,0.9833253653244362,10000
power_system,1,2.9896856307,sweep,42,True,0.031556569644199,0.983322366311686,10000
power_system,1,2.9896856307,sweep,43,True,0.0315832052073768,0.9832837405383776,10000
power_system,6,2.9896856329113923,sweep,42,True,0.0315300806119384,0.98320529343352,10000
power_system,6,2.9896856329113923,sweep,43,True,0.0315813201849012,0.983405654537568,10000
power_system,7,2.9896874050632913,sweep,42,True,0.031634683659383,0.9835527352261736,10000
power_system,7,2.9896874050632913,sweep,43,True,0.0316660049718824,0.9834999945866172,10000
power_system,2,2.9896880807,sweep,42,True,0.0316436911111797,0.983550951293784,10000
power_system,2,2.9896880807,sweep,43,True,0.0316157277980668,0.983466812892844,10000
power_system,8,2.98968917721519,sweep,42,True,0.0316339600722452,0.9835038890944282,10000
power_system,8,2.98968917721519,sweep,43,True,0.0316543463272704,0.983387311905012,10000
power_system,3,2.9896905307,sweep,42,True,0.0316051850264514,0.9834251150952472,10000
power_system,3,2.9896905307,sweep,43,True,0.0316764429253029,0.9835476088596498,10000
power_system,9,2.989690949367089,sweep,42,True,0.0316835698027446,0.9834415449255568,10000
power_system,9,2.989690949367089,sweep,43,True,0.0315286193691829,0.9831519368486898,10000
power_system,10,2.9896927215189875,sweep,42,True,0.0316732383813649,0.983470209371694,10000
power_system,10,2.9896927215189875,sweep,43,True,0.0315922612135718,0.9833083266497072,10000
power_system,4,2.9896929807,sweep,42,True,0.0315976825361375,0.983395423465963,10000
power_system,4,2.9896929807,sweep,43,True,0.0316449713391676,0.9834806706815326,10000
power_system,11,2.989694493670886,sweep,42,True,0.0316274219896312,0.983418640339934,10000
power_system,11,2.989694493670886,sweep,43,True,0.0316996912506979,0.9834972492263644,10000
power_system,5,2.9896954307,sweep,42,True,0.031589124331914,0.9832189833225388,10000
power_system,5,2.9896954307,sweep,43,True,0.0316130463562595,0.9834050581201348,10000
power_system,12,2.989696265822785,sweep,42,True,0.0317213252920832,0.9836376586128366,10000
power_system,12,2.989696265822785,sweep,43,True,0.0316475196203465,0.9835156877267748,10000
power_system,6,2.9896978807,sweep,42,True,0.0315791089230984,0.9831817298127224,10000
power_system,6,2.9896978807,sweep,43,True,0.031691907617254,0.9834807101356622,10000
power_system,13,2.9896980379746836,sweep,42,True,0.0316897679296098,0.983373488041416,10000
power_system,13,2.9896980379746836,sweep,43,True,0.0317500288634533,0.9834341507223858,10000
power_system,14,2.989699810126582,sweep,42,True,0.031756644791609,0.9835891073292422,10000
power_system,14,2.989699810126582,sweep,43,True,0.0317068430006286,0.9835288547965902,10000
power_system,7,2.9897003307,sweep,42,True,0.0316732756656,0.9835282690058236,10000
power_system,7,2.9897003307,sweep,43,True,0.0316598929555038,0.9835149689760768,10000
power_system,15,2.989701582278481,sweep,42,True,0.0316646626665558,0.9834899123170472,10000
power_system,15,2.989701582278481,sweep,43,True,0.031683525786519,0.9834728064856176,10000
power_system,8,2.9897027807,sweep,42,True,0.031737080974018,0.9834122516362136,10000
power_system,8,2.9897027807,sweep,43,True,0.0316760350807691,0.9834842297697934,10000
power_system,16,2.9897033544303797,sweep,42,True,0.0317110867249158,0.9835335638074882,10000
power_system,16,2.9897033544303797,sweep,43,True,0.0317732213814004,0.983529804967466,10000
power_system,17,2.9897051265822787,sweep,42,True,0.0317515133016824,0.983513390880122,10000
power_system,17,2.9897051265822787,sweep,43,True,0.0317416351892226,0.9835421828898532,10000
power_system,10,2.9897052307,sweep,42,True,0.0317012352027324,0.9835413997919968,10000
power_system,10,2.9897052307,sweep,43,True,0.0317840874246833,0.9836374439746266,10000
power_system,18,2.9897068987341773,sweep,42,True,0.0317141780743016,0.9834912424266278,10000
power_system,18,2.9897068987341773,sweep,43,True,0.0317376827405939,0.9835009662975804,10000
power_system,11,2.9897076807,sweep,42,True,0.0317741355255014,0.9834823926265642,10000
power_system,11,2.9897076807,sweep,43,True,0.0317893667383453,0.9836248127426126,10000
power_system,19,2.989708670886076,sweep,42,True,0.0317933033860878,0.9835770171776138,10000
power_system,19,2.989708670886076,sweep,43,True,0.0317885008088481,0.983662885360713,10000
power_system,12,2.9897101307,sweep,42,True,0.0317386565261341,0.9835195987793828,10000
power_system,12,2.9897101307,sweep,43,True,0.0318243020432789,0.9837022472681494,10000
power_system,20,2.989710443037975,sweep,42,True,0.0318132795488942,0.9837360067299242,10000
power_system,20,2.989710443037975,sweep,43,True,0.0317503471817467,0.9836256790008596,10000
power_system,21,2.9897122151898734,sweep,42,True,0.0319125228034148,0.9838640460720596,10000
power_system,21,2.9897122151898734,sweep,43,True,0.0319204189705735,0.983874233292224,10000
power_system,13,2.9897125808,sweep,42,True,0.0318498055733784,0.9837264507377964,10000
power_system,13,2.9897125808,sweep,43,True,0.0318485174261849,0.9836387175790108,10000
power_system,22,2.9897139873417724,sweep,42,True,0.0318881861216295,0.9838777365938828,10000
power_system,22,2.9897139873417724,sweep,43,True,0.031857973330332,0.9837935431874236,10000
power_system,14,2.9897150308,sweep,42,True,0.0318044249876794,0.9837250440847608,10000
power_system,14,2.9897150308,sweep,43,True,0.0318879485015813,0.9838299481798668,10000
power_system,23,2.989715759493671,sweep,42,True,0.0318942569572477,0.983802893573622,10000
power_system,23,2.989715759493671,sweep,43,True,0.0319144051560589,0.9838529738191036,10000
power_system,15,2.9897174808,sweep,42,True,0.0317397395627249,0.9836099462810306,10000
power_system,15,2.9897174808,sweep,43,True,0.0319614089584296,0.9838691819712386,10000
power_system,24,2.9897175316455695,sweep,42,True,0.0318194303117789,0.9836144537979464,10000
power_system,24,2.9897175316455695,sweep,43,True,0.031836145467243,0.983655134727627,10000
power_system,25,2.9897193037974685,sweep,42,True,0.031914512537036,0.9838153454356948,10000
power_system,25,2.9897193037974685,sweep,43,True,0.0318785901445465,0.9838002384784064,10000
power_system,16,2.9897199308,sweep,42,True,0.0319011191473814,0.983791353798431,10000
power_system,16,2.9897199308,sweep,43,True,0.0318398427620772,0.983713602668586,10000
power_system,26,2.989721075949367,sweep,42,True,0.031802880246027,0.9836401729169586,10000
power_system,26,2.989721075949367,sweep,43,True,0.0319467825800649,0.983896940947406,10000
power_system,17,2.9897223808,sweep,42,True,0.031882237404095,0.9837918477014648,10000
power_system,17,2.9897223808,sweep,43,True,0.031971038985908,0.9839161466647984,10000
power_system,27,2.989722848101266,sweep,42,True,0.0319312472482104,0.9838406451028306,10000
power_system,27,2.989722848101266,sweep,43,True,0.0318688077245945,0.9837698374394396,10000
power_system,28,2.9897246202531647,sweep,42,True,0.0319209324349465,0.9838738230898504,10000
power_system,28,2.9897246202531647,sweep,43,True,0.0318514816247465,0.983732715679543,10000
power_system,18,2.9897248308,sweep,42,True,0.0318561378054361,0.983750950687232,10000
power_system,18,2.9897248308,sweep,43,True,0.0318552281777599,0.9837312315091468,10000
power_system,29,2.989726392405063,sweep,42,True,0.0319570501520807,0.9838907198128596,10000
power_system,29,2.989726392405063,sweep,43,True,0.0318406735513225,0.9837071742473964,10000
power_system,19,2.9897272808,sweep,42,True,0.0319427653517268,0.9838016915576422,10000
power_system,19,2.9897272808,sweep,43,True,0.0319175831591428,0.9837904894666446,10000
power_system,30,2.989728164556962,sweep,42,True,0.0319704824598868,0.9839283445463536,10000
power_system,30,2.989728164556962,sweep,43,True,0.0319234170799216,0.983741307965214,10000
power_system,20,2.9897297308,sweep,42,True,0.0319772713270041,0.983869230637348,10000
power_system,20,2.9897297308,sweep,43,True,0.0319104350392507,0.9836726125822168,10000
power_system,31,2.989729936708861,sweep,42,True,0.0320090308919165,0.9838494000147512,10000
power_system,31,2.989729936708861,sweep,43,True,0.0319988424064254,0.9838443274647828,10000
power_system,32,2.98973170886076,sweep,42,True,0.0320497743827712,0.9839648934909616,10000
power_system,32,2.98973170886076,sweep,43,True,0.0320017021587126,0.9839197428853548,10000
power_system,22,2.9897321808,sweep,42,True,0.0321916904346511,0.9841678865434608,10000
power_system,22,2.9897321808,sweep,43,True,0.0323497083604716,0.9844585232333206,10000
power_system,33,2.9897334810126583,sweep,42,True,0.0326267551899005,0.9846622957648916,10000
power_system,33,2.9897334810126583,sweep,43,True,0.0325997080328475,0.9847375421452566,10000
power_system,23,2.9897346308,sweep,42,True,0.0326028939812331,0.9847392299542492,10000
power_system,23,2.9897346308,sweep,43,True,0.0326366370884074,0.9847796156016856,10000
power_system,34,2.989735253164557,sweep,42,True,0.0326161159589993,0.984749307812486,10000
power_system,34,2.989735253164557,sweep,43,True,0.0326049318083147,0.984733499135604,10000
power_system,35,2.989737025316456,sweep,42,True,0.0323156339550742,0.984300911318419,10000
power_system,35,2.989737025316456,sweep,43,True,0.0322614338837592,0.9843026341937884,10000
power_system,24,2.9897370808,sweep,42,True,0.0321583795159429,0.9840456916625708,10000
power_system,24,2.9897370808,sweep,43,True,0.0322132167890177,0.984208291380802,10000
power_system,36,2.9897387974683545,sweep,42,True,0.0321458087455393,0.9841017503180932,10000
power_system,36,2.9897387974683545,sweep,43,True,0.0322571102338063,0.9842232678823242,10000
power_system,25,2.9897395308,sweep,42,True,0.0321165005038114,0.9839098916886726,10000
power_system,25,2.9897395308,sweep,43,True,0.0323059383629843,0.9843847074209512,10000
power_system,37,2.9897405696202535,sweep,42,True,0.0322470281036227,0.9842687456900424,10000
power_system,37,2.9897405696202535,sweep,43,True,0.0321558137908596,0.98412408401914,10000
power_system,26,2.9897419808,sweep,42,True,0.0321575748007527,0.9840417377509908,10000
power_system,26,2.9897419808,sweep,43,True,0.0321913612930947,0.9841850792402644,10000
power_system,38,2.989742341772152,sweep,42,True,0.0320800450404004,0.9839318290623044,10000
power_system,38,2.989742341772152,sweep,43,True,0.0321632505815171,0.98403802958613,10000
power_system,39,2.9897441139240506,sweep,42,True,0.0321043224613162,0.9838831691990272,10000
power_system,39,2.9897441139240506,sweep,43,True,0.0321406815989854,0.9840887748134214,10000
power_system,27,2.9897444308,sweep,42,True,0.0321806430199146,0.9841995087390064,10000
power_system,27,2.9897444308,sweep,43,True,0.0320701786680451,0.9839848520870188,10000
power_system,40,2.9897458860759496,sweep,42,True,0.0321623535990249,0.98417303707789,10000
power_system,40,2.9897458860759496,sweep,43,True,0.0321481343948278,0.9841058604694414,10000
power_system,28,2.9897468808,sweep,42,True,0.0320366442759719,0.983804365859948,10000
power_system,28,2.9897468808,sweep,43,True,0.0322923112324527,0.9842113264479158,10000
power_system,41,2.989747658227848,sweep,42,True,0.0321112354845556,0.9840017366465122,10000
power_system,41,2.989747658227848,sweep,43,True,0.0321381932272092,0.9840419095624772,10000
power_system,30,2.9897493308,sweep,42,True,0.0321722038834832,0.9840788020906396,10000
power_system,30,2.9897493308,sweep,43,True,0.0320836193385131,0.983988198364136,10000
power_system,42,2.9897494303797467,sweep,42,True,0.0323322521052546,0.984151252334652,10000
power_system,42,2.9897494303797467,sweep,43,True,0.0322389089811789,0.9841568109726856,10000
power_system,43,2.9897512025316457,sweep,42,True,0.0322237907800159,0.9841952082144726,10000
power_system,43,2.9897512025316457,sweep,43,True,0.0322846465496901,0.9842736240991709,10000
power_system,31,2.9897517808,sweep,42,True,0.0321057975755961,0.984035949183956,10000
power_system,31,2.9897517808,sweep,43,True,0.0322826911497317,0.9842040526153372,10000
power_system,44,2.9897529746835443,sweep,42,True,0.0323005699356528,0.9841175701722964,10000
power_system,44,2.9897529746835443,sweep,43,True,0.0321683558819266,0.9840737824242072,10000
power_system,32,2.9897542308,sweep,42,True,0.0322543812822111,0.9841322963708058,10000
power_system,32,2.9897542308,sweep,43,True,0.0321288672364323,0.9840755175525728,10000
power_system,45,2.9897547468354433,sweep,42,True,0.0323358661419793,0.9843042739715188,10000
power_system,45,2.9897547468354433,sweep,43,True,0.0323411736618762,0.9842518443578536,10000
power_system,46,2.989756518987342,sweep,42,True,0.0322789160739262,0.98430493038343,10000
power_system,46,2.989756518987342,sweep,43,True,0.0323299872558937,0.9844092175037672,10000
power_system,34,2.9897566809,sweep,42,True,0.0324388130200375,0.9843809050402746,10000
power_system,34,2.9897566809,sweep,43,True,0.0323205531290622,0.9843724539036424,10000
power_system,47,2.9897582911392404,sweep,42,True,0.0325975308608644,0.9846994024003686,10000
power_system,47,2.9897582911392404,sweep,43,True,0.0322220330229843,0.984154279689352,10000
power_system,35,2.9897591309,sweep,42,True,0.0322800997181742,0.9840776503172312,10000
power_system,35,2.9897591309,sweep,43,True,0.0323595101954485,0.9843807931635902,10000
power_system,48,2.9897600632911394,sweep,42,True,0.0323860066810393,0.9844003134224406,10000
power_system,48,2.9897600632911394,sweep,43,True,0.0324263053769259,0.984505125179892,10000
power_system,36,2.9897615809,sweep,42,True,0.0323543308974324,0.9843835065539084,10000
power_system,36,2.9897615809,sweep,43,True,0.0321547825028826,0.9840284984391992,10000
power_system,49,2.989761835443038,sweep,42,True,0.0323664504977167,0.9844021122676532,10000
power_system,49,2.989761835443038,sweep,43,True,0.0322408910086665,0.984116868300936,10000
power_system,50,2.989763607594937,sweep,42,True,0.0322961561037898,0.9843196094482446,10000
power_system,50,2.989763607594937,sweep,43,True,0.0324654832404912,0.9845669638649044,10000
power_system,37,2.9897640309,sweep,42,True,0.0323332326378026,0.9843973604025557,10000
power_system,37,2.9897640309,sweep,43,True,0.0324965260747026,0.9846004026430842,10000
power_system,51,2.9897653797468355,sweep,42,True,0.0325070427085031,0.9846161392428632,10000
power_system,51,2.9897653797468355,sweep,43,True,0.0324847412794148,0.9845769517127948,10000
power_system,38,2.9897664809,sweep,42,True,0.032451912544196,0.9845534937231646,10000
power_system,38,2.9897664809,sweep,43,True,0.0323951862469561,0.9844199286978084,10000
power_system,52,2.989767151898734,sweep,42,True,0.0324316238092075,0.9844983136619032,10000
power_system,52,2.989767151898734,sweep,43,True,0.0324457445797933,0.9845113992996836,10000
power_system,53,2.989768924050633,sweep,42,True,0.0322664473349523,0.98422689419875,10000
power_system,53,2.989768924050633,sweep,43,True,0.0324132830412539,0.984471359727386,10000
power_system,39,2.9897689309,sweep,42,True,0.0323578901354367,0.9843958434811694,10000
power_system,39,2.9897689309,sweep,43,True,0.0323674184882465,0.9843560600662776,10000
power_system,54,2.9897706962025317,sweep,42,True,0.0322547311430686,0.984223887021163,10000
power_system,54,2.9897706962025317,sweep,43,True,0.0323855151587741,0.9844141727683324,10000
power_system,40,2.9897713809,sweep,42,True,0.0324181348136346,0.9844229846659708,10000
power_system,40,2.9897713809,sweep,43,True,0.032461671130535,0.9844535013566752,10000
power_system,55,2.9897724683544307,sweep,42,True,0.032421250743579,0.984478140614756,10000
power_system,55,2.9897724683544307,sweep,43,True,0.032450602635867,0.984443405912843,10000
power_system,41,2.9897738309,sweep,42,True,0.0325119489508345,0.9845787038934556,10000
power_system,41,2.9897738309,sweep,43,True,0.0322948555446243,0.9842146266029,10000
power_system,56,2.9897742405063292,sweep,42,True,0.0325261213202388,0.9844834800394138,10000
power_system,56,2.9897742405063292,sweep,43,True,0.0323645005973274,0.9843087023459368,10000
power_system,57,2.989776012658228,sweep,42,True,0.0325689125078672,0.984664137826268,10000
power_system,57,2.989776012658228,sweep,43,True,0.0326741475939762,0.9845825268544368,10000
power_system,42,2.9897762809,sweep,42,True,0.03245569304531,0.98441041378787,10000
power_system,42,2.9897762809,sweep,43,True,0.0326424028006673,0.9846965941895952,10000
power_system,58,2.989777784810127,sweep,42,True,0.0326058993507021,0.984687020024493,10000
power_system,58,2.989777784810127,sweep,43,True,0.0325553953869912,0.9846785223001424,10000
power_system,43,2.9897787309,sweep,42,True,0.0325658535199868,0.9846469108915192,10000
power_system,43,2.9897787309,sweep,43,True,0.0326102796553756,0.9846686924255372,10000
power_system,59,2.989779556962026,sweep,42,True,0.0326388754369303,0.9845614362995936,10000
power_system,59,2.989779556962026,sweep,43,True,0.0324689345178104,0.984570534379014,10000
power_system,45,2.9897811809,sweep,42,True,0.0326299016672836,0.9845687404286678,10000
power_system,45,2.9897811809,sweep,43,True,0.032959035043535,0.9850496072382474,10000
power_system,60,2.9897813291139244,sweep,42,True,0.0327375706036739,0.9848874592608594,10000
power_system,60,2.9897813291139244,sweep,43,True,0.0328265773229181,0.9849554566757684,10000
power_system,61,2.989783101265823,sweep,42,True,0.0327448038179221,0.9847403053753222,10000
power_system,61,2.989783101265823,sweep,43,True,0.03280836819782,0.9849098188379144,10000
power_system,62,2.9897848734177215,sweep,42,True,0.0326962759919041,0.9847060135974456,10000
power_system,62,2.9897848734177215,sweep,43,True,0.0327812849229743,0.9849410346202082,10000
power_system,63,2.9897866455696205,sweep,42,True,0.0326056836566478,0.9846821363879188,10000
power_system,63,2.9897866455696205,sweep,43,True,0.0329279106553126,0.9850769862243396,10000
power_system,64,2.989788417721519,sweep,42,True,0.0329463152663251,0.9850640231499388,10000
power_system,64,2.989788417721519,sweep,43,True,0.0333259566821392,0.98542484816201,10000
power_system,65,2.989790189873418,sweep,42,True,0.0332539707953804,0.9853811714731712,10000
power_system,65,2.989790189873418,sweep,43,True,0.0329786450683937,0.9851279060601908,10000
power_system,66,2.9897919620253166,sweep,42,True,0.0354129219830353,0.9877422319857726,10000
power_system,66,2.9897919620253166,sweep,43,True,0.0354373509578897,0.9876153961014972,10000
power_system,67,2.989793734177215,sweep,42,True,0.035607374408267,0.9879770973317528,10000
power_system,67,2.989793734177215,sweep,43,True,0.0356017997496239,0.9877899037670852,10000
power_system,68,2.989795506329114,sweep,42,True,0.0356219402310913,0.9879506983174088,10000
power_system,68,2.989795506329114,sweep,43,True,0.0356971426859886,0.9880288999886562,10000
power_system,69,2.9897972784810127,sweep,42,True,0.0356536486270109,0.9879801583578732,10000
power_system,69,2.9897972784810127,sweep,43,True,0.0357348446262373,0.9880844013110774,10000
power_system,70,2.9897990506329113,sweep,42,True,0.035670499924315,0.9880201005314134,10000
power_system,70,2.9897990506329113,sweep,43,True,0.0357594831206414,0.9880861920570184,10000
power_system,71,2.9898008227848103,sweep,42,True,0.0356338871900545,0.9879730838141658,10000
power_system,71,2.9898008227848103,sweep,43,True,0.0357488072521052,0.9880733389323824,10000
power_system,72,2.989802594936709,sweep,42,True,0.0344602209516878,0.9867160416113452,10000
power_system,72,2.989802594936709,sweep,43,True,0.0343497886924304,0.9865480129848468,10000
power_system,73,2.989804367088608,sweep,42,True,0.0339346726647025,0.9859652351959308,10000
power_system,73,2.989804367088608,sweep,43,True,0.0339877193047338,0.9863432774874276,10000
power_system,74,2.9898061392405064,sweep,42,True,0.0339016066533928,0.9861762739981784,10000
power_system,74,2.9898061392405064,sweep,43,True,0.0336679471160054,0.9855415230011224,10000
power_system,75,2.989807911392405,sweep,42,True,0.0333343373693881,0.9854787222605388,10000
power_system,75,2.989807911392405,sweep,43,True,0.0334466013385789,0.9857312484538784,10000
power_system,76,2.989809683544304,sweep,42,True,0.0343109333516923,0.9866603107123216,10000
power_system,76,2.989809683544304,sweep,43,True,0.0340813672824748,0.9861707024320386,10000
power_system,77,2.9898114556962025,sweep,42,True,0.033775401312949,0.9860212732988748,10000
power_system,77,2.9898114556962025,sweep,43,True,0.0336547647444628,0.9857625907114304,10000
power_system,78,2.9898132278481016,sweep,42,True,0.0334749547001094,0.985674691964333,10000
power_system,78,2.9898132278481016,sweep,43,True,0.0333511518041773,0.9854774278285496,10000
power_system,79,2.989815,sweep,42,True,0.0338874446088,0.9860873801547188,10000
power_system,79,2.989815,sweep,43,True,0.0334456457725828,0.9855397891451998,10000
