condition_index,supplied_stat,equivalent_parameter,original_query_parameter_metadata,rate_single_rule,n_members,rate_mixed_rule,difference_percentage_points
0,0.119237868711871,0.975,0.9694142150050258,0.9,20,0.9,0.0
1,0.1206628718827338,0.9766666666666668,0.9722019662818582,0.9,20,0.9,0.0
2,0.1220878750535966,0.9783333333333332,0.9757090587930976,0.95,20,0.95,0.0
3,0.1235128782244594,0.98,0.9783750644974812,0.95,20,0.95,0.0
4,0.1249378813953222,0.9816666666666668,0.9796507792427528,0.8,20,0.8,0.0
5,0.126362884566185,0.9833333333333332,0.9824031688774748,0.95,20,0.95,0.0
6,0.1277878877370478,0.985,0.9865560900175612,1.0,20,1.0,0.0
7,0.1292128909079106,0.9866666666666668,0.9889284739428524,1.0,20,1.0,0.0
8,0.1306378940787734,0.9883333333333332,0.9917162252196846,1.0,20,1.0,0.0
9,0.1320628972496362,0.99,0.9945039764965172,0.85,20,0.85,0.0
10,0.133487900420499,0.9916666666666668,0.9972917277733494,0.55,20,0.55,0.0
11,0.1349129035913618,0.9933333333333332,1.0000794790501817,0.45,20,0.05,40.0
12,0.1363379067622246,0.995,1.002867230327014,0.25,20,0.0,25.0
13,0.1377629099330874,0.9966666666666668,1.0056549816038465,0.25,20,0.0,25.0
14,0.1391879131039502,0.9983333333333332,1.0084427328806789,0.0,20,0.0,0.0
15,0.140612916274813,1.0,1.0112304841575113,0.0,20,0.0,0.0
16,0.1420379194456758,1.0016666666666667,1.0140182354343437,0.0,20,0.0,0.0
17,0.1434629226165386,1.0033333333333334,1.016805986711176,0.0,20,0.0,0.0
18,0.1448879257874014,1.005,1.0195937379880085,0.0,20,0.0,0.0
19,0.1463129289582642,1.0066666666666666,1.0223814892648408,0.0,20,0.0,0.0
20,0.147737932129127,1.0083333333333333,1.0251692405416732,0.0,20,0.0,0.0
21,0.1491629352999898,1.01,1.0279569918185056,0.0,20,0.0,0.0
