K,representative_stat,gt_rate,rc_rate,SCDT_original_query_parameter,SCDT_calibration_parameter
0.975,0.119237868711871,90.0,90.0,0.9694142150050258,0.975
0.9766666666666668,0.1206628718827338,95.0,90.0,0.9722019662818582,0.9766666666666668
0.9783333333333332,0.1220878750535966,100.0,95.0,0.9757090587930976,0.9783333333333332
0.98,0.1235128782244594,90.0,95.0,0.9783750644974812,0.98
0.9816666666666668,0.1249378813953222,80.0,80.0,0.9796507792427528,0.9816666666666668
0.9833333333333332,0.126362884566185,100.0,95.0,0.9824031688774748,0.9833333333333332
0.985,0.1277878877370478,95.0,100.0,0.9865560900175612,0.985
0.9866666666666668,0.1292128909079106,95.0,100.0,0.9889284739428524,0.9866666666666668
0.9883333333333332,0.1306378940787734,100.0,100.0,0.9917162252196846,0.9883333333333332
0.99,0.1320628972496362,100.0,85.0,0.9945039764965172,0.99
0.9916666666666668,0.133487900420499,95.0,55.00000000000001,0.9972917277733494,0.9916666666666668
0.9933333333333332,0.1349129035913618,85.0,45.0,1.0000794790501817,0.9933333333333332
0.995,0.1363379067622246,90.0,25.0,1.002867230327014,0.995
0.9966666666666668,0.1377629099330874,95.0,25.0,1.0056549816038465,0.9966666666666668
0.9983333333333332,0.1391879131039502,100.0,0.0,1.0084427328806789,0.9983333333333332
1.0,0.140612916274813,50.0,0.0,1.0112304841575113,1.0
1.0016666666666667,0.1420379194456758,20.0,0.0,1.0140182354343437,1.0016666666666667
1.0033333333333334,0.1434629226165386,10.0,0.0,1.016805986711176,1.0033333333333334
1.005,0.1448879257874014,5.0,0.0,1.0195937379880085,1.005
1.0066666666666666,0.1463129289582642,5.0,0.0,1.0223814892648408,1.0066666666666666
1.0083333333333333,0.147737932129127,10.0,0.0,1.0251692405416732,1.0083333333333333
1.01,0.1491629352999898,5.0,0.0,1.0279569918185056,1.01
