member,warmup_start,source_parameter,supplied_stat,secondary_stat,ramp_steps,finite,tail_mean,survived
0,1226,0.988,0.13063789407877346,0.5148348600531597,0,True,0.4108392944345582,True
1,87,0.988,0.13063789407877346,0.5148348600531597,0,True,0.7880833837198263,True
2,3998,0.988,0.13063789407877346,0.5148348600531597,0,True,0.7924050150443526,True
3,5189,0.988,0.13063789407877346,0.5148348600531597,0,True,0.4097773864428708,True
4,4171,0.988,0.13063789407877346,0.5148348600531597,0,True,0.8071749979186702,True
5,2404,0.988,0.13063789407877346,0.5148348600531597,0,True,0.8148387580737843,True
6,300,0.988,0.13063789407877346,0.5148348600531597,0,True,0.7960717938191592,True
7,4376,0.988,0.13063789407877346,0.5148348600531597,0,True,0.4096148739977349,True
8,5373,0.988,0.13063789407877346,0.5148348600531597,0,True,0.41175571689766227,True
9,1255,0.988,0.13063789407877346,0.5148348600531597,0,True,0.409489171961932,True
10,314,0.988,0.13063789407877346,0.5148348600531597,0,True,0.40806600567003815,True
11,3020,0.988,0.13063789407877346,0.5148348600531597,0,True,0.7900071036167361,True
12,4978,0.988,0.13063789407877346,0.5148348600531597,0,True,0.40812342932006435,True
13,4911,0.988,0.13063789407877346,0.5148348600531597,0,True,0.8093333195759865,True
14,4673,0.988,0.13063789407877346,0.5148348600531597,0,True,0.41078639264294065,True
15,4330,0.988,0.13063789407877346,0.5148348600531597,0,True,0.8043607997948421,True
16,5186,0.988,0.13063789407877346,0.5148348600531597,0,True,0.8207097252313859,True
17,4721,0.988,0.13063789407877346,0.5148348600531597,0,True,0.41076183683643597,True
18,2679,0.988,0.13063789407877346,0.5148348600531597,0,True,0.7980225785449909,True
19,225,0.988,0.13063789407877346,0.5148348600531597,0,True,0.40744251997366004,True
