condition_index,supplied_stat,equivalent_parameter,original_query_parameter_metadata,rate,n_members
0,0.11923786871187107,0.975,0.9694142150050258,0.9,20
1,0.12066287188273388,0.9766666666666667,0.9722019662818582,0.9,20
2,0.12208787505359667,0.9783333333333333,0.9757090587930976,0.95,20
3,0.12351287822445947,0.98,0.9783750644974812,0.95,20
4,0.12493788139532226,0.9816666666666667,0.9796507792427528,0.8,20
5,0.12636288456618505,0.9833333333333333,0.9824031688774747,0.95,20
6,0.12778788773704786,0.985,0.9865560900175613,1.0,20
7,0.12921289090791066,0.9866666666666667,0.9889284739428524,1.0,20
8,0.13063789407877346,0.9883333333333333,0.9917162252196846,1.0,20
9,0.13206289724963627,0.99,0.9945039764965172,0.85,20
10,0.13348790042049904,0.9916666666666667,0.9972917277733494,0.55,20
11,0.13491290359136185,0.9933333333333333,1.0000794790501817,0.45,20
12,0.13633790676222465,0.995,1.002867230327014,0.25,20
13,0.13776290993308746,0.9966666666666667,1.0056549816038465,0.25,20
14,0.13918791310395023,0.9983333333333333,1.0084427328806789,0.0,20
15,0.14061291627481304,1.0,1.0112304841575113,0.0,20
16,0.14203791944567584,1.0016666666666667,1.0140182354343437,0.0,20
17,0.14346292261653865,1.0033333333333334,1.016805986711176,0.0,20
18,0.14488792578740145,1.005,1.0195937379880085,0.0,20
19,0.14631292895826425,1.0066666666666666,1.0223814892648408,0.0,20
20,0.14773793212912703,1.0083333333333333,1.0251692405416732,0.0,20
21,0.14916293529998984,1.01,1.0279569918185056,0.0,20
